date,cold,flu,pneumonia,coronavirus
01/01/2016,0.11663,0.0559,0.15726,0.00736
02/01/2016,0.13372,0.17135,0.20826,0.0089
03/01/2016,0.14917,0.22317,0.19326,0.00845
04/01/2016,0.17463,0.18626,0.29008,0.01145
05/01/2016,0.17226,0.15072,0.24562,0.01381
06/01/2016,0.17272,0.14399,0.25081,0.01381
07/01/2016,0.1739,0.12408,0.25135,0.0119
08/01/2016,0.16735,0.12499,0.29044,0.01572
09/01/2016,0.13463,0.1019,0.2439,0.01036
10/01/2016,0.15135,0.33062,0.21108,0.00699
11/01/2016,0.18444,0.50643,0.26353,0.01299
12/01/2016,0.17963,0.34608,0.21962,0.01572
13/01/2016,0.17026,0.23244,0.22717,0.01163
14/01/2016,0.16535,0.40198,0.21962,0.01227
15/01/2016,0.16999,0.40853,0.2199,0.01081
16/01/2016,0.14081,0.22972,0.17163,0.00727
17/01/2016,0.1499,0.20881,0.15617,0.00599
18/01/2016,0.18926,0.30953,0.23681,0.01118
19/01/2016,0.17472,0.24899,0.19699,0.0129
20/01/2016,0.1739,0.24317,0.19663,0.01145
21/01/2016,0.16954,0.24217,0.19199,0.01245
22/01/2016,0.1589,0.23017,0.1849,0.01345
23/01/2016,0.14354,0.24471,0.14881,0.00963
24/01/2016,0.15554,0.22708,0.12599,0.00609
25/01/2016,0.18708,0.34608,0.20835,0.00927
26/01/2016,0.17026,0.35026,0.19226,0.01136
27/01/2016,0.5158,0.33535,0.19799,0.01054
28/01/2016,0.18508,0.37526,0.20208,0.01454
29/01/2016,0.16663,0.37398,0.19772,0.01499
30/01/2016,0.14799,0.35298,0.16263,0.00881
31/01/2016,0.15363,0.35371,0.14126,0.0099
01/02/2016,0.19844,0.64398,0.21481,0.01409
02/02/2016,0.20026,0.62743,0.2059,0.0129
03/02/2016,0.2019,0.61498,0.20508,0.01172
04/02/2016,0.21681,0.76734,0.21335,0.0109
05/02/2016,0.2179,0.92333,0.20935,0.01427
06/02/2016,0.17563,0.99815,0.18508,0.00881
07/02/2016,0.17154,0.72443,0.15526,0.00636
08/02/2016,0.17017,0.6437,0.14608,0.00581
09/02/2016,0.2089,0.76224,0.16954,0.00681
10/02/2016,0.23735,0.94451,0.21781,0.00799
11/02/2016,0.26653,1.35459,0.27326,0.00999
12/02/2016,0.2709,1.29496,0.23999,0.01399
13/02/2016,0.24172,1.18641,0.2149,0.00927
14/02/2016,0.21917,0.91733,0.17817,0.00672
15/02/2016,0.28108,1.75503,0.26499,0.00981
16/02/2016,0.25562,1.35777,0.23226,0.01009
17/02/2016,0.21844,0.9886,0.22308,0.01136
18/02/2016,0.21099,0.91279,0.21872,0.01181
19/02/2016,0.19608,0.77324,0.20581,0.0109
20/02/2016,0.16472,0.62498,0.16354,0.00799
21/02/2016,0.1799,0.92951,0.14863,0.00627
22/02/2016,0.21926,1.29477,0.2309,0.00809
23/02/2016,0.20472,1.08751,0.20208,0.00863
24/02/2016,0.19053,0.78843,0.21135,0.00999
25/02/2016,0.18144,0.70488,0.20117,0.01072
26/02/2016,0.17708,0.61043,0.20053,0.01099
27/02/2016,0.1439,0.4448,0.17072,0.00718
28/02/2016,0.13372,0.42498,0.1439,0.00654
29/02/2016,0.16799,0.52589,0.21381,0.00618
01/03/2016,0.14663,0.40371,0.17344,0.00754
02/03/2016,0.1459,0.44916,0.20008,0.00854
03/03/2016,0.12299,0.37035,0.16644,0.01099
04/03/2016,0.10772,0.37517,0.17772,0.01672
05/03/2016,0.11926,0.32389,0.16526,0.00945
06/03/2016,0.11826,0.31944,0.15717,0.00472
07/03/2016,0.14526,0.40835,0.21799,0.01072
08/03/2016,0.1319,0.34817,0.1989,0.00981
09/03/2016,0.1279,0.32789,0.18953,0.0109
10/03/2016,0.13945,0.26753,0.18672,0.01172
11/03/2016,0.21408,0.28317,0.16908,0.00972
12/03/2016,0.12781,0.24871,0.14281,0.0089
13/03/2016,0.14981,0.26499,0.13926,0.00836
14/03/2016,0.16235,0.36389,0.19708,0.01118
15/03/2016,0.15644,0.34489,0.19308,0.01163
16/03/2016,0.1559,0.32689,0.18781,0.00963
17/03/2016,0.15554,0.34471,0.18181,0.01236
18/03/2016,0.14417,0.49416,0.17563,0.01027
19/03/2016,0.1329,0.39907,0.15145,0.01154
20/03/2016,0.13863,0.39662,0.14408,0.00945
21/03/2016,0.16735,0.56989,0.21199,0.00963
22/03/2016,0.3788,0.5188,0.2139,0.01309
23/03/2016,0.17335,0.41671,0.20199,0.01236
24/03/2016,0.18126,0.43062,0.21072,0.01372
25/03/2016,0.16626,0.38089,0.20963,0.01463
26/03/2016,0.14972,0.34526,0.17572,0.00981
27/03/2016,0.18963,0.30744,0.16926,0.00827
28/03/2016,0.20944,0.4638,0.23108,0.01254
29/03/2016,0.18699,0.42253,0.22944,0.01418
30/03/2016,0.1729,0.40507,0.22672,0.01972
31/03/2016,0.17172,0.38026,0.22053,0.01181
01/04/2016,0.15026,0.3538,0.21399,0.00963
02/04/2016,0.13845,0.29408,0.19181,0.01472
03/04/2016,0.15781,0.28408,0.18781,0.02063
04/04/2016,0.17863,0.4138,0.25281,0.01572
05/04/2016,0.15635,0.35189,0.22935,0.03454
06/04/2016,0.14535,0.33144,0.22699,0.01763
07/04/2016,0.15317,0.2879,0.2259,0.01081
08/04/2016,0.12672,0.26317,0.21581,0.00981
09/04/2016,0.11854,0.22526,0.18072,0.00636
10/04/2016,0.12135,0.21281,0.17099,0.00672
11/04/2016,0.15063,0.3038,0.23117,0.01136
12/04/2016,0.13299,0.25217,0.21544,0.00972
13/04/2016,0.12272,0.19226,0.18617,0.01209
14/04/2016,0.13108,0.20299,0.21035,0.00799
15/04/2016,0.12508,0.16844,0.21353,0.00872
16/04/2016,0.11308,0.15299,0.19163,0.01045
17/04/2016,0.12026,0.13981,0.15308,0.00809
18/04/2016,0.14126,0.19935,0.23362,0.01036
19/04/2016,0.12345,0.15363,0.20944,0.0099
20/04/2016,0.13063,0.13708,0.20826,0.00909
21/04/2016,0.11845,0.12117,0.20517,0.01009
22/04/2016,0.10136,0.11408,0.19363,0.00836
23/04/2016,0.10545,0.09572,0.17026,0.00518
24/04/2016,0.10117,0.08545,0.14835,0.01063
25/04/2016,0.13863,0.12081,0.22144,0.01363
26/04/2016,0.12545,0.12063,0.20981,0.00972
27/04/2016,0.36226,0.1039,0.21408,0.01127
28/04/2016,0.13108,0.08645,0.22662,0.01045
29/04/2016,0.11672,0.08099,0.20617,0.00972
30/04/2016,0.11236,0.06881,0.17563,0.00836
01/05/2016,0.10645,0.06327,0.16017,0.00672
02/05/2016,0.13054,0.08927,0.22681,0.00945
03/05/2016,0.1249,0.07308,0.22472,0.00854
04/05/2016,0.11481,0.05745,0.19881,0.00963
05/05/2016,0.10172,0.03999,0.14763,0.00536
06/05/2016,0.10236,0.05008,0.17399,0.00563
07/05/2016,0.09481,0.04781,0.16135,0.01127
08/05/2016,0.09763,0.04908,0.15417,0.00772
09/05/2016,0.13608,0.06854,0.23608,0.00827
10/05/2016,0.12935,0.05836,0.22072,0.01045
11/05/2016,0.13072,0.10599,0.21244,0.01118
12/05/2016,0.12126,0.07836,0.20226,0.00745
13/05/2016,0.11317,0.05427,0.19608,0.00836
14/05/2016,0.11181,0.03972,0.14172,0.00936
15/05/2016,0.12126,0.04218,0.15481,0.01127
16/05/2016,0.13881,0.05199,0.23026,0.01136
17/05/2016,0.13199,0.04736,0.22872,0.00981
18/05/2016,0.1269,0.04699,0.21835,0.01172
19/05/2016,0.12881,0.04763,0.21453,0.01054
20/05/2016,0.11754,0.04727,0.19835,0.01072
21/05/2016,0.10217,0.03636,0.15935,0.00918
22/05/2016,0.11863,0.04063,0.15454,0.00745
23/05/2016,0.14545,0.05099,0.22881,0.01181
24/05/2016,0.12817,0.04354,0.21762,0.01036
25/05/2016,0.12017,0.03936,0.20244,0.01218
26/05/2016,0.11381,0.03845,0.19363,0.0099
27/05/2016,0.10572,0.03045,0.18753,0.00918
28/05/2016,0.10145,0.02927,0.1529,0.00863
29/05/2016,0.09899,0.0309,0.15863,0.00872
30/05/2016,0.13226,0.04154,0.22172,0.00927
31/05/2016,0.12854,0.03718,0.1999,0.01372
01/06/2016,0.26908,0.03281,0.19463,0.01254
02/06/2016,0.14117,0.02945,0.18663,0.01036
03/06/2016,0.11154,0.03054,0.18154,0.00981
04/06/2016,0.10181,0.02718,0.15872,0.00827
05/06/2016,0.09599,0.02763,0.1449,0.00963
06/06/2016,0.12245,0.03199,0.15944,0.01054
07/06/2016,0.12563,0.03908,0.21626,0.01272
08/06/2016,0.11236,0.03518,0.19881,0.01099
09/06/2016,0.11263,0.0329,0.18899,0.01454
10/06/2016,0.10263,0.02618,0.15772,0.00799
11/06/2016,0.10263,0.02109,0.13599,0.0069
12/06/2016,0.10836,0.02627,0.13263,0.00727
13/06/2016,0.10899,0.03172,0.18517,0.00681
14/06/2016,0.10554,0.03299,0.16154,0.0109
15/06/2016,0.10863,0.02609,0.15699,0.01154
16/06/2016,0.10272,0.02727,0.16699,0.00845
17/06/2016,0.10236,0.02381,0.15781,0.00772
18/06/2016,0.08172,0.02199,0.12345,0.0069
19/06/2016,0.09826,0.02545,0.12635,0.00863
20/06/2016,0.10726,0.02836,0.17244,0.01181
21/06/2016,0.10445,0.02509,0.1419,0.00836
22/06/2016,0.11036,0.02636,0.14699,0.00899
23/06/2016,0.15154,0.02454,0.14581,0.00854
24/06/2016,0.11699,0.02163,0.13517,0.0059
25/06/2016,0.10508,0.01954,0.10736,0.00627
26/06/2016,0.09908,0.02145,0.10572,0.00745
27/06/2016,0.12172,0.02436,0.14908,0.00699
28/06/2016,0.10745,0.02363,0.15281,0.00627
29/06/2016,0.10636,0.02109,0.14735,0.00636
30/06/2016,0.09626,0.01845,0.13845,0.00599
01/07/2016,0.09445,0.01627,0.12854,0.00599
02/07/2016,0.09281,0.01572,0.10808,0.00399
03/07/2016,0.0929,0.01699,0.10426,0.00418
04/07/2016,0.12463,0.02127,0.15126,0.00599
05/07/2016,0.10854,0.01872,0.13308,0.00454
06/07/2016,0.09881,0.01745,0.13708,0.00563
07/07/2016,0.10263,0.01854,0.12926,0.00636
08/07/2016,0.09299,0.01999,0.12717,0.00609
09/07/2016,0.09199,0.01563,0.11045,0.00527
10/07/2016,0.0989,0.01572,0.09263,0.00527
11/07/2016,0.10772,0.02172,0.14526,0.00681
12/07/2016,0.10563,0.02145,0.13526,0.00681
13/07/2016,0.1159,0.01536,0.13035,0.00518
14/07/2016,0.10836,0.01799,0.13381,0.00663
15/07/2016,0.13454,0.02018,0.1299,0.0069
16/07/2016,0.14172,0.01381,0.10417,0.0049
17/07/2016,0.14917,0.01699,0.09663,0.00618
18/07/2016,0.14172,0.02136,0.15272,0.00718
19/07/2016,0.12226,0.01781,0.14463,0.00727
20/07/2016,0.19826,0.01918,0.13645,0.00654
21/07/2016,0.20535,0.01672,0.12935,0.00627
22/07/2016,0.17672,0.02054,0.13363,0.00518
23/07/2016,1.09578,0.01699,0.1079,0.00445
24/07/2016,0.29944,0.01799,0.10199,0.00445
25/07/2016,0.20472,0.0189,0.14226,0.00572
26/07/2016,0.15717,0.01754,0.13099,0.00518
27/07/2016,0.93669,0.01536,0.13354,0.00436
28/07/2016,0.19772,0.01554,0.1249,0.00509
29/07/2016,0.13626,0.01681,0.12426,0.00454
30/07/2016,0.13372,0.01181,0.10163,0.0049
31/07/2016,0.13835,0.01127,0.08554,0.0029
01/08/2016,0.14199,0.01418,0.13835,0.00481
02/08/2016,0.13863,0.0139,0.1229,0.00554
03/08/2016,0.18417,0.01654,0.15326,0.00436
04/08/2016,0.15763,0.01563,0.16017,0.00681
05/08/2016,0.2799,0.01399,0.14626,0.00536
06/08/2016,0.11126,0.01145,0.10926,0.00345
07/08/2016,0.11772,0.01481,0.1049,0.00427
08/08/2016,0.12226,0.01381,0.16354,0.00545
09/08/2016,0.10426,0.01445,0.15717,0.00472
10/08/2016,0.09636,0.01463,0.15163,0.00645
11/08/2016,0.09945,0.01663,0.14917,0.00636
12/08/2016,0.09908,0.01436,0.12835,0.00445
13/08/2016,0.11745,0.00981,0.11099,0.00336
14/08/2016,0.73479,0.01109,0.09236,0.00309
15/08/2016,0.43025,0.01254,0.10772,0.00436
16/08/2016,0.12317,0.01645,0.1699,0.00381
17/08/2016,0.14472,0.01736,0.14926,0.00536
18/08/2016,0.12445,0.01736,0.14826,0.00563
19/08/2016,0.11263,0.01336,0.14826,0.00645
20/08/2016,0.09408,0.0129,0.11645,0.00527
21/08/2016,0.10417,0.01281,0.10717,0.00627
22/08/2016,0.11554,0.01927,0.17035,0.00463
23/08/2016,0.11272,0.02199,0.15344,0.00609
24/08/2016,0.10045,0.02227,0.16035,0.00372
25/08/2016,0.10254,0.02799,0.15926,0.00545
26/08/2016,0.11599,0.02409,0.14826,0.00454
27/08/2016,0.12481,0.01999,0.12954,0.00418
28/08/2016,0.15363,0.02145,0.12935,0.00927
29/08/2016,0.15781,0.03599,0.18835,0.00481
30/08/2016,0.1659,0.05936,0.16326,0.00527
31/08/2016,0.36308,0.05436,0.16354,0.00572
01/09/2016,0.13926,0.04727,0.16599,0.00509
02/09/2016,0.13181,0.05045,0.16608,0.00609
03/09/2016,0.11954,0.03045,0.14726,0.00609
04/09/2016,0.11808,0.02963,0.12717,0.00472
05/09/2016,0.14426,0.05808,0.20799,0.00545
06/09/2016,0.13354,0.06408,0.18999,0.00645
07/09/2016,0.13172,0.06099,0.18626,0.00727
08/09/2016,0.12808,0.05245,0.18117,0.00718
09/09/2016,0.12017,0.05745,0.16354,0.00618
10/09/2016,0.12308,0.03736,0.14681,0.04608
11/09/2016,0.1489,0.03954,0.12935,0.01045
12/09/2016,0.15726,0.06554,0.31053,0.01081
13/09/2016,0.14117,0.05127,0.2079,0.00663
14/09/2016,0.13826,0.03099,0.17572,0.00627
15/09/2016,0.13681,0.02945,0.17044,0.00554
16/09/2016,0.14445,0.03499,0.17099,0.00481
17/09/2016,0.15899,0.03945,0.1699,0.00672
18/09/2016,0.17117,0.05345,0.15844,0.00663
19/09/2016,0.20544,0.09354,0.2519,0.0109
20/09/2016,0.19017,0.11008,0.20953,0.01145
21/09/2016,0.19872,0.11526,0.20644,0.00836
22/09/2016,0.18172,0.10972,0.19726,0.00936
23/09/2016,0.16744,0.11054,0.18353,0.00881
24/09/2016,0.16326,0.08399,0.15199,0.0049
25/09/2016,0.16954,0.06217,0.14935,0.00654
26/09/2016,0.18726,0.14554,0.22599,0.00836
27/09/2016,0.16417,0.22299,0.22253,0.00799
28/09/2016,0.18453,0.13035,0.19899,0.00654
29/09/2016,0.1829,0.11145,0.19281,0.00618
30/09/2016,0.17099,0.11099,0.19499,0.00518
01/10/2016,0.72861,0.08817,0.16517,0.00472
02/10/2016,0.19744,0.06954,0.14208,0.00399
03/10/2016,0.19435,0.11654,0.15754,0.00618
04/10/2016,0.18244,0.22072,0.22481,0.00627
05/10/2016,0.16272,0.18399,0.19308,0.00718
06/10/2016,0.16517,0.15435,0.1959,0.00654
07/10/2016,0.1509,0.14563,0.18253,0.00545
08/10/2016,0.13572,0.11563,0.14863,0.0079
09/10/2016,0.15908,0.09499,0.13072,0.00399
10/10/2016,0.21144,0.19563,0.19908,0.00799
11/10/2016,0.20999,0.19108,0.20053,0.00654
12/10/2016,0.18817,0.17872,0.20535,0.00818
13/10/2016,0.19181,0.18372,0.20126,0.00527
14/10/2016,0.15981,0.16344,0.1849,0.00618
15/10/2016,0.1349,0.12981,0.15599,0.00581
16/10/2016,0.14754,0.09581,0.15045,0.00699
17/10/2016,0.1769,0.18999,0.2409,0.01018
18/10/2016,0.15781,0.16781,0.22226,0.0079
19/10/2016,0.15526,0.14845,0.2279,0.00981
20/10/2016,0.15654,0.12817,0.21072,0.01099
21/10/2016,0.15017,0.11954,0.20363,0.00827
22/10/2016,0.13963,0.10845,0.16063,0.00854
23/10/2016,0.14372,0.08517,0.15635,0.00718
24/10/2016,0.16699,0.13935,0.23253,0.0109
25/10/2016,0.15217,0.13172,0.21444,0.01209
26/10/2016,0.15472,0.12181,0.21163,0.01054
27/10/2016,0.16608,0.13445,0.2109,0.00963
28/10/2016,0.14645,0.13872,0.20544,0.01018
29/10/2016,0.14335,0.09317,0.14954,0.00745
30/10/2016,0.15544,0.07936,0.13135,0.00745
31/10/2016,0.18499,0.12517,0.22044,0.01027
01/11/2016,0.18499,0.11999,0.21035,0.01109
02/11/2016,0.17999,0.12635,0.1999,0.01063
03/11/2016,0.17563,0.11045,0.20908,0.00999
04/11/2016,0.14545,0.10672,0.20217,0.01045
05/11/2016,0.13908,0.08117,0.16317,0.00872
06/11/2016,0.14454,0.06981,0.16217,0.01218
07/11/2016,0.16417,0.11072,0.26462,0.01227
08/11/2016,0.17172,0.11536,0.25862,0.01336
09/11/2016,0.15772,0.09626,0.23344,0.0149
10/11/2016,0.15017,0.09099,0.22081,0.0159
11/11/2016,0.13817,0.09581,0.20817,0.01172
12/11/2016,0.11854,0.07945,0.17244,0.00854
13/11/2016,0.13526,0.08736,0.16308,0.00836
14/11/2016,0.15908,0.11408,0.27953,0.01099
15/11/2016,0.13854,0.1179,0.24072,0.01199
16/11/2016,0.14463,0.11054,0.2379,0.01081
17/11/2016,0.14954,0.11199,0.22244,0.01263
18/11/2016,0.13945,0.10617,0.22653,0.01072
19/11/2016,0.11872,0.08363,0.17999,0.01272
20/11/2016,0.11863,0.07645,0.15799,0.01054
21/11/2016,0.16335,0.14308,0.27644,0.01309
22/11/2016,0.15799,0.12526,0.26544,0.01318
23/11/2016,0.17499,0.16772,0.24017,0.01509
24/11/2016,0.18481,0.14717,0.22535,0.01454
25/11/2016,0.16581,0.14526,0.21926,0.01554
26/11/2016,0.13426,0.11817,0.18099,0.01245
27/11/2016,0.13699,0.11745,0.17281,0.01399
28/11/2016,0.18544,0.2139,0.27362,0.0139
29/11/2016,0.1759,0.20817,0.25717,0.01463
30/11/2016,0.18872,0.2179,0.2539,0.01518
01/12/2016,0.17599,0.28408,0.23881,0.01472
02/12/2016,0.1619,0.34708,0.22108,0.01354
03/12/2016,0.15217,0.31562,0.21572,0.01363
04/12/2016,0.16063,0.31817,0.18272,0.01118
05/12/2016,0.20381,0.6877,0.29135,0.01299
06/12/2016,0.18117,0.62707,0.24181,0.01881
07/12/2016,0.21063,0.6207,0.24708,0.01627
08/12/2016,0.23072,1.0266,0.25217,0.01445
09/12/2016,0.20435,1.03542,0.24271,0.01727
10/12/2016,0.37389,0.83088,0.19881,0.01509
11/12/2016,0.2459,1.04142,0.18653,0.01363
12/12/2016,0.30035,1.89167,0.28208,0.02081
13/12/2016,0.28808,1.80776,0.25217,0.02045
14/12/2016,0.26753,1.57204,0.2499,0.01799
15/12/2016,0.3078,2.58237,0.26362,0.03736
16/12/2016,0.33444,2.99181,0.22944,0.03345
17/12/2016,0.28644,2.1972,0.20135,0.01445
18/12/2016,0.31435,2.02812,0.18563,0.0159
19/12/2016,0.39171,3.37689,0.31699,0.02699
20/12/2016,0.37553,27.32727,0.3278,0.02436
21/12/2016,0.3278,4.73285,0.28044,0.02336
22/12/2016,0.30017,3.49098,0.27199,0.02045
23/12/2016,0.26317,2.50792,0.23581,0.02154
24/12/2016,0.20381,1.65404,0.19263,0.01527
25/12/2016,0.21653,1.65531,0.17181,0.01127
26/12/2016,0.28299,2.52256,0.27653,0.01481
27/12/2016,0.26081,1.95185,0.25044,0.01927
28/12/2016,0.23708,1.57731,0.23435,0.01799
29/12/2016,0.23153,1.32214,0.20953,0.01909
30/12/2016,0.2069,1.16187,0.21908,0.01899
31/12/2016,0.18353,0.84988,0.17081,0.01581
01/01/2017,0.15808,0.67943,0.15299,0.01163
02/01/2017,0.21226,1.06214,0.23344,0.01463
03/01/2017,0.18199,0.83679,0.21353,0.01509
04/01/2017,0.20208,0.74097,0.2159,0.01545
05/01/2017,0.17499,0.66007,0.2129,0.01899
06/01/2017,0.18335,0.56907,0.20263,0.01854
07/01/2017,0.13863,0.40398,0.16044,0.01145
08/01/2017,0.15381,0.3908,0.14799,0.00745
09/01/2017,0.20481,0.5568,0.2149,0.01245
10/01/2017,0.18163,0.41835,0.17626,0.01518
11/01/2017,0.16608,0.35789,0.16881,0.01227
12/01/2017,0.16181,0.31317,0.18172,0.01409
13/01/2017,0.77306,0.2789,0.16717,0.01154
14/01/2017,0.17854,0.21635,0.13535,0.0109
15/01/2017,0.14172,0.21917,0.11881,0.00854
16/01/2017,0.16363,0.27462,0.1799,0.00963
17/01/2017,0.16154,0.23599,0.16363,0.01054
18/01/2017,0.16681,0.21362,0.16281,0.01618
19/01/2017,0.13581,0.18408,0.18281,0.01381
20/01/2017,0.12735,0.1599,0.13945,0.01418
21/01/2017,0.12281,0.12799,0.13399,0.00727
22/01/2017,0.12617,0.17881,0.11145,0.00845
23/01/2017,0.15208,0.20499,0.15781,0.00872
24/01/2017,0.12526,0.16744,0.14599,0.01254
25/01/2017,0.11672,0.13681,0.13872,0.00872
26/01/2017,0.1099,0.12299,0.12908,0.01172
27/01/2017,0.10736,0.08236,0.11154,0.00654
28/01/2017,0.10181,0.07554,0.11981,0.00754
29/01/2017,0.1259,0.09436,0.11326,0.00463
30/01/2017,0.14026,0.11381,0.13572,0.00672
31/01/2017,0.78088,0.14845,0.17481,0.01054
01/02/2017,0.1699,0.13445,0.16008,0.01145
02/02/2017,0.16144,0.12045,0.14226,0.01299
03/02/2017,0.13354,0.10445,0.14108,0.01254
04/02/2017,0.11336,0.08981,0.11517,0.00645
05/02/2017,0.12172,0.09408,0.1079,0.00581
06/02/2017,0.13354,0.13335,0.16563,0.00909
07/02/2017,0.14735,0.1089,0.14799,0.01263
08/02/2017,0.13199,0.10799,0.15117,0.0079
09/02/2017,0.12863,0.10072,0.13745,0.00863
10/02/2017,0.12499,0.09663,0.13663,0.00899
11/02/2017,0.11845,0.07408,0.10763,0.01072
12/02/2017,0.10781,0.06654,0.09836,0.00799
13/02/2017,0.12554,0.10345,0.15644,0.00972
14/02/2017,0.11717,0.09072,0.14008,0.01054
15/02/2017,0.11708,0.08372,0.13881,0.00881
16/02/2017,0.11236,0.07781,0.13954,0.00754
17/02/2017,0.11208,0.07254,0.13754,0.00963
18/02/2017,0.10199,0.05545,0.11345,0.0079
19/02/2017,0.10154,0.05599,0.12626,0.00572
20/02/2017,0.12435,0.08454,0.18272,0.01145
21/02/2017,0.11908,0.07645,0.17599,0.01154
22/02/2017,0.1139,0.07345,0.16372,0.00972
23/02/2017,0.11145,0.06863,0.14881,0.00963
24/02/2017,0.10117,0.0619,0.14335,0.01309
25/02/2017,0.0919,0.05208,0.11745,0.00845
26/02/2017,0.10172,0.04681,0.10199,0.00772
27/02/2017,0.12108,0.08545,0.17126,0.01127
28/02/2017,0.11708,0.06027,0.14008,0.01209
01/03/2017,0.11981,0.05036,0.12108,0.00727
02/03/2017,0.11208,0.06572,0.14317,0.01299
03/03/2017,0.09363,0.05872,0.13054,0.01272
04/03/2017,0.09672,0.05827,0.12181,0.01018
05/03/2017,0.10917,0.05563,0.11417,0.00909
06/03/2017,0.11908,0.08154,0.16508,0.01081
07/03/2017,0.12299,0.07572,0.14781,0.01172
08/03/2017,0.13108,0.07699,0.14399,0.01254
09/03/2017,0.11517,0.06681,0.15299,0.01545
10/03/2017,0.10217,0.06063,0.14335,0.01272
11/03/2017,0.10781,0.05708,0.12254,0.00799
12/03/2017,0.11608,0.05827,0.11999,0.00781
13/03/2017,0.14017,0.0869,0.17308,0.01063
14/03/2017,0.1339,0.08181,0.16263,0.00809
15/03/2017,0.34253,0.08781,0.15526,0.02172
16/03/2017,0.15463,0.13145,0.16163,0.01009
17/03/2017,0.14935,0.12217,0.16026,0.01036
18/03/2017,0.12845,0.09517,0.13617,0.01045
19/03/2017,0.14208,0.08854,0.13045,0.00754
20/03/2017,0.17172,0.1449,0.19908,0.01399
21/03/2017,0.1659,0.13917,0.20463,0.01454
22/03/2017,0.16726,0.1329,0.19381,0.01399
23/03/2017,0.16626,0.17935,0.20981,0.00999
24/03/2017,0.15717,0.15254,0.20035,0.00945
25/03/2017,0.15017,0.11063,0.17254,0.01227
26/03/2017,0.16481,0.11917,0.1649,0.01009
27/03/2017,0.18426,0.17135,0.23417,0.01563
28/03/2017,0.17354,0.15635,0.21581,0.01154
29/03/2017,0.17317,0.14926,0.21044,0.01172
30/03/2017,0.1649,0.14254,0.21662,0.01218
31/03/2017,0.15017,0.1389,0.20499,0.01036
01/04/2017,0.13972,0.10899,0.18853,0.00718
02/04/2017,0.1399,0.11426,0.17008,0.00699
03/04/2017,0.18135,0.18472,0.23926,0.00699
04/04/2017,0.17726,0.17235,0.23535,0.00809
05/04/2017,0.18017,0.16154,0.24917,0.00863
06/04/2017,0.16863,0.20353,0.25262,0.00781
07/04/2017,0.13935,0.20535,0.22372,0.00718
08/04/2017,0.1239,0.13754,0.19517,0.0059
09/04/2017,0.13517,0.1279,0.19044,0.00727
10/04/2017,0.17335,0.1969,0.27017,0.01399
11/04/2017,0.15744,0.17063,0.24744,0.00927
12/04/2017,0.16872,0.14381,0.24226,0.0099
13/04/2017,0.15317,0.15799,0.24781,0.00809
14/04/2017,0.14272,0.14308,0.22781,0.00872
15/04/2017,0.11908,0.10908,0.2049,0.00663
16/04/2017,0.12117,0.10181,0.17663,0.0079
17/04/2017,0.14572,0.1529,0.2639,0.01018
18/04/2017,0.13272,0.12645,0.24072,0.01018
19/04/2017,0.14099,0.12972,0.23835,0.00836
20/04/2017,0.15099,0.11899,0.22926,0.0069
21/04/2017,0.13572,0.10126,0.21417,0.00681
22/04/2017,0.13708,0.08063,0.18317,0.00645
23/04/2017,0.13226,0.08245,0.15954,0.00627
24/04/2017,0.16454,0.12245,0.25081,0.00736
25/04/2017,0.21217,0.10654,0.21335,0.00927
26/04/2017,0.13508,0.09863,0.21472,0.00736
27/04/2017,0.14608,0.08708,0.21899,0.00681
28/04/2017,0.12481,0.07454,0.19408,0.00627
29/04/2017,0.1099,0.06854,0.15844,0.00472
30/04/2017,0.11199,0.06545,0.15417,0.00399
01/05/2017,0.12517,0.07808,0.20235,0.00509
02/05/2017,0.12335,0.07881,0.19844,0.00681
03/05/2017,0.11217,0.05463,0.1569,0.07027
04/05/2017,0.12235,0.06572,0.20581,0.00799
05/05/2017,0.10217,0.04663,0.53534,0.00499
06/05/2017,0.12145,0.05208,0.29608,0.00472
07/05/2017,0.11754,0.05154,0.14845,0.00581
08/05/2017,0.12045,0.06481,0.22762,0.00636
09/05/2017,0.0979,0.05108,0.16454,0.00754
10/05/2017,0.1039,0.05718,0.19744,0.00718
11/05/2017,0.10972,0.05599,0.19426,0.00763
12/05/2017,0.10972,0.04445,0.17617,0.00636
13/05/2017,0.39735,0.04199,0.14408,0.00436
14/05/2017,0.11899,0.04018,0.13135,0.00527
15/05/2017,0.14672,0.06245,0.19381,0.00927
16/05/2017,0.15172,0.05599,0.18563,0.00818
17/05/2017,0.15226,0.0539,0.17654,0.01009
18/05/2017,0.13017,0.05036,0.17299,0.01054
19/05/2017,0.12608,0.05118,0.16535,0.00699
20/05/2017,0.10017,0.03463,0.12708,0.00681
21/05/2017,0.11599,0.03872,0.12245,0.00799
22/05/2017,0.1369,0.05499,0.1959,0.0089
23/05/2017,0.12399,0.04399,0.16699,0.0069
24/05/2017,0.11181,0.04299,0.17554,0.01018
25/05/2017,0.10926,0.04727,0.17126,0.00963
26/05/2017,0.10236,0.03727,0.15235,0.0089
27/05/2017,0.11108,0.03527,0.12563,0.01254
28/05/2017,0.12381,0.03936,0.13072,0.0139
29/05/2017,0.12963,0.05918,0.19926,0.00918
30/05/2017,0.11081,0.0509,0.17681,0.00945
31/05/2017,0.11154,0.04572,0.22372,0.00945
01/06/2017,0.10526,0.04272,0.30453,0.00809
02/06/2017,0.09417,0.04008,0.18172,0.0079
03/06/2017,0.0959,0.02827,0.12617,0.00663
04/06/2017,0.09899,0.03518,0.18181,0.00672
05/06/2017,0.1139,0.04418,0.20863,0.00709
06/06/2017,0.11463,0.03736,0.14108,0.0059
07/06/2017,0.12581,0.04645,0.17326,0.00863
08/06/2017,0.10545,0.03899,0.25262,0.00845
09/06/2017,0.09772,0.03708,0.17299,0.00799
10/06/2017,0.0829,0.02963,0.11745,0.00736
11/06/2017,0.09599,0.03299,0.11699,0.00627
12/06/2017,0.18435,0.0419,0.17563,0.00836
13/06/2017,0.09899,0.0359,0.15199,0.00727
14/06/2017,0.09808,0.03363,0.13754,0.00836
15/06/2017,0.09672,0.03081,0.13945,0.00818
16/06/2017,0.09317,0.02599,0.14408,0.00718
17/06/2017,0.08272,0.02381,0.13999,0.00672
18/06/2017,0.08645,0.02872,0.1109,0.00636
19/06/2017,0.10408,0.03436,0.15072,0.00754
20/06/2017,0.08954,0.0299,0.14499,0.00936
21/06/2017,0.08963,0.03408,0.13581,0.00663
22/06/2017,0.0829,0.02545,0.12372,0.00463
23/06/2017,0.07436,0.01936,0.11799,0.00618
24/06/2017,0.07817,0.01772,0.09754,0.0039
25/06/2017,0.0749,0.01818,0.09136,0.00327
26/06/2017,0.08245,0.02381,0.11836,0.00427
27/06/2017,0.07617,0.02172,0.11599,0.00436
28/06/2017,0.08381,0.02281,0.11454,0.00645
29/06/2017,0.07317,0.01936,0.11608,0.00627
30/06/2017,0.06372,0.02099,0.10817,0.00463
01/07/2017,0.06845,0.01318,0.08527,0.0029
02/07/2017,0.07463,0.01818,0.07508,0.00336
03/07/2017,0.08745,0.02163,0.11681,0.00399
04/07/2017,0.08417,0.02145,0.11008,0.00399
05/07/2017,0.0739,0.02763,0.1059,0.00427
06/07/2017,0.07108,0.02172,0.10581,0.00618
07/07/2017,0.07036,0.01581,0.10708,0.00399
08/07/2017,0.06963,0.01481,0.09336,0.00418
09/07/2017,0.06881,0.01818,0.07627,0.00518
10/07/2017,0.07799,0.02454,0.11408,0.00527
11/07/2017,0.07808,0.02172,0.11181,0.00445
12/07/2017,0.09072,0.01936,0.1099,0.00736
13/07/2017,0.08381,0.02063,0.10954,0.00418
14/07/2017,0.07872,0.01863,0.10499,0.00327
15/07/2017,0.06845,0.01763,0.08436,0.00518
16/07/2017,0.06908,0.01872,0.07108,0.00445
17/07/2017,0.10045,0.02236,0.1159,0.00545
18/07/2017,0.09445,0.02354,0.10945,0.00636
19/07/2017,0.09145,0.03127,0.10881,0.00509
20/07/2017,0.09008,0.03199,0.10208,0.00618
21/07/2017,0.08327,0.02618,0.10045,0.00336
22/07/2017,0.06999,0.01845,0.0769,0.00172
23/07/2017,0.07881,0.0169,0.07336,0.00327
24/07/2017,0.08272,0.02399,0.11981,0.00445
25/07/2017,0.08227,0.02245,0.10426,0.00563
26/07/2017,0.10481,0.02327,0.10381,0.00536
27/07/2017,0.07663,0.01963,0.10508,0.00399
28/07/2017,0.07863,0.01854,0.1029,0.00372
29/07/2017,0.06708,0.01236,0.07754,0.00327
30/07/2017,0.06727,0.01518,0.06881,0.00463
31/07/2017,0.0859,0.02045,0.10936,0.0039
01/08/2017,0.07508,0.02036,0.1039,0.00409
02/08/2017,0.0789,0.01999,0.10608,0.00345
03/08/2017,0.07672,0.01718,0.09826,0.00463
04/08/2017,0.07963,0.01763,0.10126,0.00327
05/08/2017,0.08681,0.01281,0.07972,0.0029
06/08/2017,0.07281,0.01854,0.0729,0.00281
07/08/2017,0.83015,0.02845,0.11645,0.00345
08/08/2017,0.09626,0.0249,0.10981,0.00427
09/08/2017,0.08917,0.02409,0.11054,0.0039
10/08/2017,0.0819,0.02154,0.10899,0.00509
11/08/2017,0.08681,0.01818,0.11108,0.00381
12/08/2017,0.06699,0.01445,0.08763,0.00245
13/08/2017,0.07481,0.01472,0.0759,0.00299
14/08/2017,0.09781,0.02054,0.1049,0.00545
15/08/2017,0.09008,0.0209,0.08127,0.00527
16/08/2017,0.09454,0.02899,0.11736,0.0059
17/08/2017,0.09008,0.02727,0.10717,0.00399
18/08/2017,0.07727,0.02099,0.10726,0.00518
19/08/2017,0.07672,0.0189,0.08445,0.00527
20/08/2017,0.08872,0.02172,0.07517,0.0029
21/08/2017,0.14817,0.05999,0.11572,0.00572
22/08/2017,0.09436,0.04072,0.11426,0.0069
23/08/2017,0.09808,0.03672,0.1039,0.00563
24/08/2017,0.0819,0.03418,0.1139,0.0079
25/08/2017,0.0899,0.03199,0.10772,0.00809
26/08/2017,0.08863,0.02245,0.08517,0.00518
27/08/2017,0.10754,0.03036,0.08336,0.00472
28/08/2017,0.11872,0.04399,0.12363,0.00972
29/08/2017,0.12499,0.0499,0.1199,0.00863
30/08/2017,0.13135,0.0559,0.11045,0.00927
31/08/2017,0.12381,0.05608,0.11545,0.01018
01/09/2017,0.10636,0.05727,0.11399,0.01172
02/09/2017,0.09672,0.03672,0.1009,0.00536
03/09/2017,0.10054,0.03654,0.09117,0.00399
04/09/2017,0.11508,0.08527,0.13017,0.00599
05/09/2017,0.10872,0.07381,0.12735,0.00609
06/09/2017,0.10672,0.07017,0.12545,0.00454
07/09/2017,0.1159,0.07063,0.12926,0.00563
08/09/2017,0.11717,0.06945,0.11645,0.00618
09/09/2017,0.10036,0.04263,0.09681,0.00372
10/09/2017,0.10845,0.05945,0.09808,0.0049
11/09/2017,0.13108,0.08599,0.13981,0.00709
12/09/2017,0.12908,0.07936,0.14754,0.00609
13/09/2017,0.13881,0.08554,0.14326,0.00599
14/09/2017,0.13717,0.0879,0.14163,0.00609
15/09/2017,0.13135,0.07572,0.13372,0.00599
16/09/2017,0.1129,0.06054,0.09999,0.00354
17/09/2017,0.11945,0.05708,0.10154,0.0049
18/09/2017,0.14572,0.10399,0.17144,0.00599
19/09/2017,0.13926,0.09154,0.16181,0.00581
20/09/2017,0.12672,0.09027,0.17463,0.00736
21/09/2017,0.1339,0.09263,0.17899,0.00545
22/09/2017,0.12663,0.08645,0.17017,0.00381
23/09/2017,0.10163,0.06208,0.11672,0.0119
24/09/2017,0.1139,0.05545,0.13254,0.00445
25/09/2017,0.14308,0.10263,0.1849,0.00509
26/09/2017,0.12863,0.1319,0.17872,0.00654
27/09/2017,0.40116,0.10926,0.17281,0.00645
28/09/2017,0.12063,0.0979,0.14508,0.00381
29/09/2017,0.11945,0.08999,0.1309,0.00654
30/09/2017,0.10736,0.07554,0.10745,0.00409
01/10/2017,0.10836,0.05181,0.08636,0.00409
02/10/2017,0.11136,0.06681,0.11817,0.00472
03/10/2017,0.08881,0.04063,0.09145,0.00154
04/10/2017,0.10481,0.0479,0.08981,0.00154
05/10/2017,0.1119,0.04881,0.09345,0.00199
06/10/2017,0.13045,0.06299,0.1129,0.0029
07/10/2017,0.10508,0.06517,0.10626,0.0039
08/10/2017,0.11263,0.0669,0.09699,0.00281
09/10/2017,0.13481,0.0909,0.12535,0.00545
10/10/2017,0.12863,0.12463,0.16817,0.00654
11/10/2017,0.1319,0.14381,0.1579,0.00745
12/10/2017,0.14699,0.16654,0.14454,0.00618
13/10/2017,0.1279,0.15299,0.13845,0.00463
14/10/2017,0.11463,0.13135,0.11454,0.00672
15/10/2017,0.11917,0.10299,0.10308,0.0039
16/10/2017,0.14754,0.17608,0.15335,0.00636
17/10/2017,0.14199,0.17208,0.14463,0.00609
18/10/2017,0.13463,0.15963,0.14663,0.00563
19/10/2017,0.12963,0.15972,0.14863,0.0089
20/10/2017,0.12763,0.13908,0.16035,0.00654
21/10/2017,0.46116,0.11172,0.15435,0.00527
22/10/2017,0.12245,0.09545,0.12663,0.00599
23/10/2017,0.14299,0.15499,0.17944,0.00745
24/10/2017,0.1529,0.1499,0.15899,0.00999
25/10/2017,0.13099,0.13808,0.16544,0.00636
26/10/2017,0.1319,0.13817,0.16872,0.00672
27/10/2017,0.11245,0.13599,0.15708,0.00681
28/10/2017,0.09645,0.11199,0.13181,0.0069
29/10/2017,0.1239,0.11326,0.12917,0.00663
30/10/2017,0.16017,0.1769,0.17899,0.00918
31/10/2017,0.14935,0.15045,0.17608,0.00936
01/11/2017,0.14354,0.13954,0.17808,0.00718
02/11/2017,0.13599,0.14972,0.19435,0.00854
03/11/2017,0.14199,0.12463,0.17699,0.00718
04/11/2017,0.13017,0.11554,0.14045,0.00654
05/11/2017,0.1339,0.09699,0.13808,0.01009
06/11/2017,0.17144,0.14945,0.19726,0.00954
07/11/2017,0.14945,0.14035,0.17672,0.00972
08/11/2017,0.14299,0.1309,0.17908,0.00745
09/11/2017,0.18781,0.12226,0.16199,0.0069
10/11/2017,0.1389,0.10845,0.15926,0.00645
11/11/2017,0.12381,0.08854,0.13008,0.00545
12/11/2017,0.13472,0.08827,0.12108,0.00954
13/11/2017,0.16126,0.13226,0.19253,0.00736
14/11/2017,0.15081,0.12954,0.18299,0.00918
15/11/2017,0.1469,0.1279,0.17899,0.00872
16/11/2017,0.15244,0.12717,0.16554,0.01027
17/11/2017,0.14472,0.11999,0.15881,0.00663
18/11/2017,0.12635,0.09526,0.13117,0.0069
19/11/2017,0.1389,0.1029,0.11626,0.00645
20/11/2017,0.19472,0.16572,0.21672,0.00845
21/11/2017,0.16117,0.15517,0.1979,0.01045
22/11/2017,0.14872,0.13999,0.17935,0.01163
23/11/2017,0.13799,0.12672,0.16244,0.01127
24/11/2017,0.13435,0.11681,0.15972,0.00872
25/11/2017,0.11463,0.09908,0.13181,0.00863
26/11/2017,0.11354,0.09945,0.12308,0.00845
27/11/2017,0.14372,0.17026,0.19008,0.00972
28/11/2017,0.14726,0.15381,0.17881,0.01163
29/11/2017,0.13045,0.1569,0.17754,0.01427
30/11/2017,0.14617,0.15663,0.17563,0.01272
01/12/2017,0.14599,0.33189,0.15172,0.01209
02/12/2017,0.12654,0.27399,0.12554,0.0109
03/12/2017,0.33353,0.20163,0.11617,0.00681
04/12/2017,0.17126,0.32889,0.19517,0.00872
05/12/2017,0.1709,0.36407,0.15954,0.01236
06/12/2017,0.16426,0.33344,0.16472,0.01327
07/12/2017,0.1729,0.37671,0.20599,0.01418
08/12/2017,0.15663,0.37817,0.16899,0.01227
09/12/2017,0.12817,0.33553,0.12835,0.01236
10/12/2017,1.43132,0.29044,0.12699,0.00981
11/12/2017,0.20708,0.48853,0.19572,0.01272
12/12/2017,0.18326,0.47053,0.16272,0.01399
13/12/2017,0.1789,0.46116,0.16999,0.01563
14/12/2017,0.17944,0.47389,0.16372,0.0169
15/12/2017,0.16663,0.52189,0.16435,0.01436
16/12/2017,0.39935,0.4398,0.12535,0.0109
17/12/2017,0.44907,0.4538,0.13563,0.00963
18/12/2017,0.20108,0.81497,0.19308,0.01309
19/12/2017,0.19881,0.83906,0.18399,0.01518
20/12/2017,0.18808,0.87133,0.19035,0.01536
21/12/2017,0.21553,0.9266,0.18744,0.01763
22/12/2017,0.17826,0.89288,0.1779,0.01309
23/12/2017,0.16599,0.8547,0.15372,0.00981
24/12/2017,0.17235,0.79852,0.13863,0.00809
25/12/2017,0.18672,0.85806,0.13963,0.00863
26/12/2017,0.2599,1.61476,0.23435,0.01145
27/12/2017,0.27226,1.38514,0.20253,0.01818
28/12/2017,0.32562,1.32059,0.20272,0.01172
29/12/2017,0.21917,1.13678,0.18835,0.01727
30/12/2017,2.72528,1.08851,0.17117,0.01345
31/12/2017,0.24808,1.04205,0.14072,0.01063
01/01/2018,0.23781,0.98397,0.14826,0.00563
02/01/2018,0.29753,1.61431,0.24126,0.01181
03/01/2018,0.27862,1.51522,0.22281,0.01536
04/01/2018,0.27699,1.57331,0.21526,0.01681
05/01/2018,0.28399,1.95157,0.20935,0.01309
06/01/2018,0.23062,1.53404,0.16935,0.00718
07/01/2018,0.22999,1.31177,0.14972,0.00709
08/01/2018,0.30426,2.07148,0.23253,0.01118
09/01/2018,0.26117,1.6304,0.20908,0.01381
10/01/2018,0.23644,1.3105,0.18899,0.0169
11/01/2018,0.22472,1.21214,0.18226,0.01418
12/01/2018,0.20235,1.08924,0.1719,0.01109
13/01/2018,0.1769,1.05587,0.1429,0.01609
14/01/2018,0.16417,0.80197,0.12781,0.01109
15/01/2018,0.21381,1.17423,0.20608,0.01409
16/01/2018,0.19026,0.97151,0.19572,0.01599
17/01/2018,0.18154,0.83961,0.18299,0.01299
18/01/2018,0.17363,0.75179,0.17617,0.01199
19/01/2018,0.16554,0.63761,0.1699,0.01045
20/01/2018,0.15644,0.57898,0.13708,0.00999
21/01/2018,0.13172,0.49289,0.12054,0.00581
22/01/2018,0.16826,0.7247,0.19744,0.01154
23/01/2018,0.16844,0.59743,0.17599,0.01654
24/01/2018,0.2019,0.51125,0.16681,0.01372
25/01/2018,0.16135,0.46189,0.15472,0.01199
26/01/2018,0.13935,0.40716,0.14599,0.01199
27/01/2018,0.12163,0.37962,0.1159,0.01009
28/01/2018,0.11508,0.34789,0.10581,0.00763
29/01/2018,0.15308,0.48953,0.15444,0.01254
30/01/2018,0.15763,0.38989,0.14908,0.01018
31/01/2018,0.12917,0.34108,0.14035,0.01381
01/02/2018,0.12472,0.31826,0.13345,0.01281
02/02/2018,0.13035,0.28935,0.14345,0.01154
03/02/2018,0.13935,0.23672,0.10972,0.0089
04/02/2018,0.14926,0.2239,0.10063,0.0069
05/02/2018,0.18317,0.35608,0.14399,0.0129
06/02/2018,0.14645,0.30544,0.13917,0.01727
07/02/2018,0.13717,0.27053,0.12708,0.01154
08/02/2018,0.13672,0.26281,0.12054,0.01318
09/02/2018,0.11517,0.22781,0.12154,0.01199
10/02/2018,0.21026,0.19181,0.10081,0.00899
11/02/2018,0.11017,0.16754,0.09126,0.00672
12/02/2018,0.12435,0.25235,0.12908,0.01263
13/02/2018,0.11817,0.20726,0.11917,0.01799
14/02/2018,0.10699,0.20063,0.12426,0.01936
15/02/2018,0.09617,0.1269,0.07881,0.00963
16/02/2018,0.10208,0.12745,0.08427,0.00727
17/02/2018,0.11026,0.1329,0.08817,0.00627
18/02/2018,0.12254,0.13454,0.08508,0.00609
19/02/2018,0.13172,0.21008,0.14826,0.01054
20/02/2018,0.12135,0.17054,0.13199,0.01799
21/02/2018,0.10954,0.15526,0.13254,0.01472
22/02/2018,0.11845,0.15899,0.12099,0.01381
23/02/2018,0.1169,0.13381,0.12263,0.0139
24/02/2018,0.09872,0.10717,0.09799,0.01281
25/02/2018,0.09617,0.09508,0.08836,0.00954
26/02/2018,0.13317,0.14317,0.13054,0.01518
27/02/2018,0.12581,0.12445,0.13472,0.01645
28/02/2018,0.12426,0.11163,0.13363,0.01572
01/03/2018,0.10181,0.08154,0.09572,0.01163
02/03/2018,0.10181,0.1079,0.11726,0.01045
03/03/2018,0.10481,0.0799,0.09472,0.00827
04/03/2018,0.0939,0.07608,0.09163,0.00827
05/03/2018,0.10854,0.10545,0.12108,0.00981
06/03/2018,0.0999,0.09381,0.12835,0.01181
07/03/2018,0.10663,0.08927,0.12445,0.0159
08/03/2018,0.10208,0.08781,0.12308,0.01345
09/03/2018,0.10254,0.07936,0.11117,0.01518
10/03/2018,0.10881,0.07045,0.1009,0.01099
11/03/2018,0.11099,0.07617,0.0939,0.00981
12/03/2018,0.11817,0.10999,0.1349,0.00963
13/03/2018,0.10836,0.09326,0.12463,0.01018
14/03/2018,0.09854,0.08627,0.13445,0.01018
15/03/2018,0.11381,0.08936,0.13945,0.01009
16/03/2018,0.1059,0.07145,0.11708,0.00863
17/03/2018,0.12326,0.06845,0.10581,0.00981
18/03/2018,0.14335,0.07345,0.10154,0.00699
19/03/2018,0.13981,0.09617,0.14726,0.00836
20/03/2018,0.12563,0.09545,0.13872,0.01009
21/03/2018,0.12845,0.09481,0.14054,0.00981
22/03/2018,0.12036,0.08508,0.13854,0.00909
23/03/2018,0.11399,0.08008,0.1349,0.00863
24/03/2018,0.10308,0.06527,0.12036,0.00681
25/03/2018,0.11308,0.07027,0.11699,0.00663
26/03/2018,0.13608,0.09417,0.18417,0.01109
27/03/2018,0.13254,0.09781,0.17681,0.00972
28/03/2018,0.12317,0.08281,0.16726,0.00609
29/03/2018,0.1229,0.07908,0.16654,0.00663
30/03/2018,0.12526,0.06599,0.16472,0.00963
31/03/2018,0.12199,0.0539,0.14299,0.00854
01/04/2018,0.14054,0.05981,0.15726,0.00863
02/04/2018,0.15517,0.08181,0.20917,0.00954
03/04/2018,0.17799,0.08299,0.19044,0.00899
04/04/2018,0.16617,0.07545,0.19463,0.00945
05/04/2018,0.16163,0.06736,0.19653,0.00945
06/04/2018,0.17599,0.06736,0.16899,0.00745
07/04/2018,0.15435,0.06108,0.14981,0.00654
08/04/2018,0.15808,0.06617,0.1469,0.00772
09/04/2018,0.19826,0.09508,0.2219,0.00981
10/04/2018,0.1659,0.08163,0.20417,0.00836
11/04/2018,0.14754,0.07254,0.19753,0.00936
12/04/2018,0.14599,0.06945,0.20099,0.00727
13/04/2018,0.19144,0.06845,0.2059,0.00727
14/04/2018,0.34617,0.05936,0.17899,0.00645
15/04/2018,0.51116,0.06417,0.17008,0.00481
16/04/2018,0.46198,0.09163,0.24953,0.01072
17/04/2018,0.2999,0.09199,0.22026,0.0089
18/04/2018,0.26362,0.07436,0.21372,0.00945
19/04/2018,0.25744,0.07781,0.20044,0.00881
20/04/2018,0.22808,0.06754,0.19581,0.00799
21/04/2018,0.26617,0.05481,0.17672,0.00736
22/04/2018,0.25481,0.05408,0.16263,0.00463
23/04/2018,0.24326,0.08072,0.23981,0.00663
24/04/2018,0.20672,0.07981,0.2049,0.01036
25/04/2018,0.18063,0.06799,0.2189,0.00827
26/04/2018,0.16981,0.07572,0.20917,0.00818
27/04/2018,0.1599,0.06636,0.18808,0.00536
28/04/2018,0.14708,0.05354,0.16835,0.00281
29/04/2018,0.14235,0.05054,0.16144,0.00454
30/04/2018,0.17899,0.08608,0.23353,0.00636
01/05/2018,0.15881,0.06727,0.20426,0.00463
02/05/2018,0.13926,0.07208,0.23526,0.00754
03/05/2018,0.14317,0.0719,0.21999,0.00936
04/05/2018,0.13181,0.06336,0.19826,0.00727
05/05/2018,0.11263,0.04418,0.14981,0.00554
06/05/2018,0.12499,0.04754,0.14726,0.00445
07/05/2018,0.12699,0.05827,0.20063,0.00527
08/05/2018,0.17172,0.07527,0.39471,0.0079
09/05/2018,0.17781,0.07027,0.28053,0.01018
10/05/2018,0.17654,0.06354,0.22217,0.00799
11/05/2018,0.16772,0.05899,0.21526,0.00518
12/05/2018,0.16708,0.04781,0.17054,0.00418
13/05/2018,0.15344,0.04472,0.16008,0.0039
14/05/2018,0.14954,0.07536,0.2419,0.00681
15/05/2018,0.13863,0.06308,0.22517,0.00745
16/05/2018,0.15217,0.05881,0.21281,0.0079
17/05/2018,0.13781,0.05172,0.20153,0.00609
18/05/2018,0.14263,0.04808,0.2249,0.00554
19/05/2018,0.13863,0.03681,0.17044,0.00599
20/05/2018,0.14699,0.04263,0.16354,0.00645
21/05/2018,0.15572,0.06117,0.2259,0.00799
22/05/2018,0.15735,0.05018,0.18253,0.00818
23/05/2018,0.93497,0.07108,0.23744,0.00699
24/05/2018,0.19208,0.06081,0.21735,0.0069
25/05/2018,0.16244,0.05018,0.19926,0.00763
26/05/2018,0.14345,0.03745,0.17454,0.00809
27/05/2018,0.15344,0.04345,0.16299,0.00563
28/05/2018,0.1559,0.06127,0.23253,0.01054
29/05/2018,0.13363,0.05454,0.22535,0.00918
30/05/2018,0.12572,0.05054,0.21708,0.00799
31/05/2018,0.12317,0.04845,0.20208,0.00863
01/06/2018,0.11908,0.04454,0.19035,0.00554
02/06/2018,0.10508,0.03418,0.15426,0.00718
03/06/2018,0.11926,0.03336,0.1409,0.00499
04/06/2018,0.14908,0.0519,0.2209,0.00727
05/06/2018,0.15145,0.04208,0.18899,0.0059
06/06/2018,0.14554,0.03472,0.16526,0.00509
07/06/2018,0.14281,0.03972,0.19008,0.00563
08/06/2018,0.13581,0.03527,0.18481,0.00463
09/06/2018,0.10445,0.02545,0.14917,0.00599
10/06/2018,0.09881,0.02809,0.13945,0.00645
11/06/2018,0.12272,0.04281,0.18581,0.00781
12/06/2018,0.10554,0.03763,0.16835,0.00599
13/06/2018,0.10163,0.03099,0.15117,0.00481
14/06/2018,0.11026,0.03899,0.16617,0.00727
15/06/2018,0.10472,0.04072,0.16699,0.00463
16/06/2018,0.09436,0.03381,0.12826,0.00536
17/06/2018,0.10208,0.03227,0.12435,0.00654
18/06/2018,0.10272,0.04336,0.16617,0.01018
19/06/2018,0.11226,0.03908,0.16426,0.00554
20/06/2018,0.10454,0.0349,0.15817,0.00745
21/06/2018,0.09626,0.03145,0.14835,0.00463
22/06/2018,0.10172,0.03063,0.13081,0.00463
23/06/2018,0.09781,0.02518,0.11336,0.00436
24/06/2018,0.08927,0.02599,0.09663,0.00509
25/06/2018,0.10717,0.0409,0.1539,0.00281
26/06/2018,0.10681,0.03199,0.13863,0.00436
27/06/2018,0.10254,0.03199,0.13199,0.00318
28/06/2018,0.09545,0.02736,0.11563,0.00299
29/06/2018,0.08808,0.02281,0.12081,0.00454
30/06/2018,0.0859,0.02072,0.10199,0.00399
01/07/2018,0.08717,0.02245,0.0849,0.0049
02/07/2018,0.09954,0.02963,0.13117,0.00472
03/07/2018,0.09163,0.02645,0.11999,0.00372
04/07/2018,0.09299,0.02327,0.12026,0.00472
05/07/2018,0.09036,0.02372,0.12863,0.00363
06/07/2018,0.08817,0.02454,0.11236,0.00399
07/07/2018,0.09272,0.01799,0.09199,0.00354
08/07/2018,0.09536,0.02054,0.0829,0.00499
09/07/2018,0.12226,0.0319,0.12726,0.00454
10/07/2018,0.11108,0.03127,0.12381,0.00418
11/07/2018,0.10572,0.02718,0.12654,0.00727
12/07/2018,0.1059,0.02536,0.11763,0.00581
13/07/2018,0.10908,0.02199,0.10717,0.00536
14/07/2018,0.0849,0.0179,0.08472,0.00309
15/07/2018,0.09526,0.0199,0.08254,0.00509
16/07/2018,0.10754,0.02981,0.12881,0.00409
17/07/2018,0.10999,0.02854,0.10626,0.00481
18/07/2018,0.1059,0.0249,0.11417,0.00599
19/07/2018,0.09517,0.02618,0.11581,0.00418
20/07/2018,0.0719,0.02327,0.11217,0.0029
21/07/2018,0.05836,0.0229,0.08036,0.00227
22/07/2018,0.07217,0.02036,0.08272,0.00381
23/07/2018,0.0779,0.02436,0.12881,0.00418
24/07/2018,0.11881,0.02099,0.11763,0.00463
25/07/2018,0.09126,0.02063,0.11154,0.00454
26/07/2018,0.07272,0.01681,0.11181,0.0059
27/07/2018,0.06617,0.0179,0.10481,0.00645
28/07/2018,0.05163,0.01227,0.08236,0.00372
29/07/2018,0.06072,0.01572,0.07945,0.00218
30/07/2018,0.07836,0.02009,0.12535,0.00645
31/07/2018,0.15081,0.0319,0.17672,0.03127
01/08/2018,0.10099,0.02454,0.10954,0.00454
02/08/2018,0.08336,0.01799,0.11299,0.00518
03/08/2018,0.08363,0.01954,0.1169,0.00836
04/08/2018,0.06536,0.01281,0.0839,0.00354
05/08/2018,0.05927,0.01381,0.07881,0.00309
06/08/2018,0.07108,0.01963,0.12008,0.00363
07/08/2018,0.28299,0.01899,0.11326,0.00527
08/08/2018,0.07772,0.01963,0.1169,0.00409
09/08/2018,0.0689,0.02127,0.1129,0.00518
10/08/2018,0.06508,0.02027,0.10936,0.0039
11/08/2018,0.06072,0.01481,0.08381,0.00254
12/08/2018,0.06508,0.0149,0.09117,0.00336
13/08/2018,0.0659,0.0209,0.13108,0.00563
14/08/2018,0.07181,0.01945,0.11236,0.00627
15/08/2018,0.06772,0.02054,0.08717,0.00427
16/08/2018,0.0659,0.02118,0.12254,0.00681
17/08/2018,0.06899,0.02254,0.10526,0.00572
18/08/2018,0.06799,0.0179,0.09108,0.00699
19/08/2018,0.06754,0.01781,0.08299,0.00436
20/08/2018,0.08036,0.02672,0.1299,0.0059
21/08/2018,0.06772,0.02554,0.11017,0.00663
22/08/2018,0.06917,0.02663,0.11445,0.00581
23/08/2018,0.06536,0.02272,0.10926,0.00363
24/08/2018,0.07008,0.02209,0.10408,0.00381
25/08/2018,0.0649,0.01572,0.08054,0.0039
26/08/2018,0.06781,0.03263,0.07981,0.00554
27/08/2018,0.08417,0.04845,0.12199,0.00745
28/08/2018,0.07927,0.03827,0.11981,0.00818
29/08/2018,0.0779,0.03572,0.12326,0.00763
30/08/2018,0.54298,0.03618,0.11954,0.01009
31/08/2018,0.09963,0.03681,0.11672,0.00809
01/09/2018,0.07381,0.02381,0.09617,0.00481
02/09/2018,0.07727,0.02627,0.0869,0.00454
03/09/2018,0.09817,0.05436,0.13035,0.0059
04/09/2018,0.08845,0.06736,0.13063,0.00609
05/09/2018,0.0999,0.07717,0.13063,0.00609
06/09/2018,0.10636,0.08863,0.13163,0.00545
07/09/2018,0.10563,0.07636,0.12663,0.00754
08/09/2018,0.11672,0.07181,0.13281,0.03927
09/09/2018,0.14126,0.08908,0.12435,0.05627
10/09/2018,0.18881,0.14863,0.18772,0.0829
11/09/2018,0.16854,0.14417,0.15581,0.04436
12/09/2018,0.14972,0.12045,0.14326,0.02763
13/09/2018,0.13954,0.10945,0.15108,0.01999
14/09/2018,0.13226,0.10208,0.14026,0.02245
15/09/2018,0.12063,0.06963,0.12045,0.01272
16/09/2018,0.10899,0.06808,0.11017,0.01381
17/09/2018,0.13417,0.10554,0.16499,0.01545
18/09/2018,0.12908,0.11245,0.15554,0.01436
19/09/2018,0.13045,0.11017,0.16026,0.01318
20/09/2018,0.13372,0.09972,0.15363,0.01109
21/09/2018,0.12008,0.09481,0.14526,0.01036
22/09/2018,0.09772,0.06627,0.11517,0.00672
23/09/2018,0.10154,0.04863,0.09081,0.00363
24/09/2018,0.10236,0.05627,0.10008,0.00472
25/09/2018,0.13799,0.06445,0.10554,0.00499
26/09/2018,0.14663,0.0929,0.13008,0.00772
27/09/2018,0.16454,0.14472,0.17817,0.00936
28/09/2018,0.16026,0.1459,0.16263,0.00981
29/09/2018,0.11854,0.10326,0.12145,0.00681
30/09/2018,0.12435,0.10499,0.11654,0.00799
01/10/2018,0.17126,0.26381,0.17244,0.00845
02/10/2018,0.16108,0.29526,0.15508,0.00599
03/10/2018,0.13126,0.16344,0.13154,0.00736
04/10/2018,0.15172,0.2499,0.20172,0.00963
05/10/2018,0.1339,0.19017,0.16263,0.0089
06/10/2018,0.1089,0.92515,0.13181,0.00681
07/10/2018,0.12036,0.15754,0.11372,0.00436
08/10/2018,2.68582,0.25617,0.1709,0.00772
09/10/2018,0.14872,0.14208,0.12863,0.00845
10/10/2018,0.16526,0.23026,0.18281,0.00936
11/10/2018,0.16499,0.23635,0.15763,0.00699
12/10/2018,0.15663,0.24072,0.16108,0.00718
13/10/2018,0.43298,0.1929,0.13735,0.0069
14/10/2018,0.38944,0.13845,0.12508,0.00781
15/10/2018,0.15826,0.23853,0.17999,0.00799
16/10/2018,0.15499,0.21281,0.16954,0.01163
17/10/2018,0.14754,0.20817,0.17017,0.00963
18/10/2018,0.14363,0.20253,0.16754,0.00799
19/10/2018,0.13035,0.19572,0.18844,0.00899
20/10/2018,0.11408,0.15226,0.13226,0.00799
21/10/2018,0.12817,0.13672,0.12654,0.0079
22/10/2018,0.15035,0.22444,0.19917,0.01154
23/10/2018,0.14472,0.19444,0.18581,0.01663
24/10/2018,0.13635,0.19435,0.18372,0.00981
25/10/2018,0.13626,0.18208,0.18353,0.02727
26/10/2018,0.13126,0.18417,0.18208,0.01672
27/10/2018,0.11763,0.14608,0.13472,0.01309
28/10/2018,0.13363,0.15426,0.13226,0.01681
29/10/2018,0.15517,0.23417,0.20399,0.01545
30/10/2018,0.16144,0.22326,0.18653,0.01554
31/10/2018,0.13908,0.19226,0.18372,0.01627
01/11/2018,0.13754,0.20681,0.17463,0.01572
02/11/2018,0.13099,0.18817,0.16454,0.01599
03/11/2018,0.11999,0.16626,0.15326,0.01309
04/11/2018,0.12435,0.1579,0.15581,0.0089
05/11/2018,0.15826,0.27371,0.23108,0.01127
06/11/2018,0.14608,0.25617,0.23899,0.01872
07/11/2018,0.12681,0.25253,0.22772,0.01436
08/11/2018,0.13481,0.2799,0.21462,0.01499
09/11/2018,0.12317,0.2259,0.20281,0.01363
10/11/2018,0.11463,0.17726,0.17335,0.01318
11/11/2018,0.12508,0.16554,0.15926,0.00909
12/11/2018,0.16599,0.29662,0.25671,0.01436
13/11/2018,0.14317,0.2579,0.26335,0.01899
14/11/2018,0.13681,0.23853,0.24044,0.01963
15/11/2018,0.13681,0.23626,0.22881,0.0209
16/11/2018,1.51604,0.41444,0.22535,0.02081
17/11/2018,0.13554,0.18926,0.16799,0.01636
18/11/2018,0.14208,0.2299,0.15335,3.16772
19/11/2018,0.19399,0.38698,0.26671,0.05099
20/11/2018,0.1849,0.34935,0.25008,0.02799
21/11/2018,0.17263,0.31899,0.23344,0.02509
22/11/2018,0.1709,0.35762,0.22199,0.02599
23/11/2018,0.1599,0.3518,0.22335,0.02581
24/11/2018,0.15944,0.28917,0.17481,0.05118
25/11/2018,0.14072,0.28653,0.17063,0.01754
26/11/2018,0.18208,0.53589,0.27626,0.02127
27/11/2018,0.17435,0.52107,0.25608,0.03527
28/11/2018,0.16472,0.49789,0.24453,0.02863
29/11/2018,0.18199,0.53452,0.25599,0.02799
30/11/2018,0.16463,0.53898,0.23672,0.0309
01/12/2018,0.14199,0.47925,0.19781,0.01927
02/12/2018,0.15781,0.46853,0.19026,0.01536
03/12/2018,0.19672,0.92488,0.30671,0.02381
04/12/2018,0.1859,0.83442,0.29562,0.02799
05/12/2018,0.19235,0.76852,0.26281,0.02499
06/12/2018,0.18244,0.77061,0.26717,0.02872
07/12/2018,0.17972,0.8127,0.23299,0.02645
08/12/2018,0.15699,0.68061,0.19508,0.02245
09/12/2018,0.16826,0.66425,0.18853,0.0199
10/12/2018,0.23308,1.12642,0.28226,0.02254
11/12/2018,0.21117,1.03169,0.27608,0.02281
12/12/2018,0.19926,0.99533,0.25926,0.0229
13/12/2018,0.18608,1.02169,0.25771,0.02445
14/12/2018,0.18072,1.05905,0.24008,0.02318
15/12/2018,0.17872,0.9057,0.20617,0.02027
16/12/2018,0.17054,0.90279,0.21026,0.01572
17/12/2018,0.22399,1.64576,0.31835,0.0239
18/12/2018,0.19635,1.46313,0.29053,0.02963
19/12/2018,0.2139,1.53795,0.30199,0.02163
20/12/2018,0.20526,1.57877,0.28371,0.02181
21/12/2018,0.18517,1.63995,0.27181,0.02709
22/12/2018,0.17654,1.6514,0.25071,0.01563
23/12/2018,0.1659,1.30886,0.21353,0.01418
24/12/2018,0.19899,1.81158,0.28299,0.01809
25/12/2018,0.1679,1.1476,0.20244,0.01318
26/12/2018,0.22308,1.62604,0.28071,0.01618
27/12/2018,0.20026,1.2805,0.25781,0.02127
28/12/2018,0.17954,1.18841,0.24808,0.02081
29/12/2018,0.15754,0.88797,0.20072,0.01527
30/12/2018,0.14035,0.79961,0.16999,0.01018
31/12/2018,0.14808,0.88424,0.22162,0.01036
01/01/2019,0.12208,0.5767,0.17344,0.01336
02/01/2019,0.15999,0.82097,0.24235,0.01418
03/01/2019,0.16081,0.70652,0.23562,0.01763
04/01/2019,0.15008,0.63579,0.21135,0.01063
05/01/2019,0.12154,0.46116,0.18535,0.01181
06/01/2019,0.11699,0.44371,0.16799,0.00827
07/01/2019,0.15263,0.65307,0.24026,0.00909
08/01/2019,0.12245,0.48789,0.21499,0.01327
09/01/2019,0.13472,0.42607,0.20963,0.01172
10/01/2019,0.11699,0.38835,0.22362,0.01272
11/01/2019,0.10708,0.34498,0.21017,0.01118
12/01/2019,0.09472,0.26126,0.16799,0.00909
13/01/2019,0.08654,0.23581,0.15235,0.00709
14/01/2019,0.10836,0.34362,0.2219,0.00763
15/01/2019,0.09726,0.2599,0.19881,0.01081
16/01/2019,0.09754,0.23962,0.18663,0.00954
17/01/2019,0.10008,0.22099,0.17854,0.00909
18/01/2019,0.09217,0.19881,0.16999,0.00963
19/01/2019,0.07699,0.15335,0.14145,0.00681
20/01/2019,0.08663,0.15181,0.13835,0.00845
21/01/2019,0.11399,0.22699,0.21326,0.00999
22/01/2019,0.10563,0.18972,0.18499,0.00981
23/01/2019,0.10481,0.17399,0.17154,0.01209
24/01/2019,0.09463,0.17817,0.15808,0.0119
25/01/2019,0.13063,0.34944,0.15826,0.01254
26/01/2019,0.1069,0.22672,0.13963,0.00818
27/01/2019,0.08508,0.19217,0.12281,0.00718
28/01/2019,0.11326,0.27099,0.17626,0.00836
29/01/2019,0.11045,0.22626,0.16708,0.01172
30/01/2019,0.09981,0.1849,0.15872,0.01145
31/01/2019,0.09299,0.17081,0.1519,0.01145
01/02/2019,0.08072,0.14517,0.12772,0.01018
02/02/2019,0.0749,0.12626,0.11381,0.00818
03/02/2019,0.08354,0.10599,0.11472,0.00599
04/02/2019,0.07208,0.09572,0.1079,0.00336
05/02/2019,0.06999,0.09254,0.10754,0.00318
06/02/2019,0.08845,0.1109,0.11926,0.00536
07/02/2019,0.10299,0.15572,0.17208,0.0079
08/02/2019,0.0959,0.12454,0.1519,0.0099
09/02/2019,0.09436,0.09363,0.13163,0.00781
10/02/2019,0.0929,0.08536,0.10563,0.00554
11/02/2019,0.11008,0.13135,0.14681,0.00909
12/02/2019,0.10054,0.1179,0.14426,0.01045
13/02/2019,0.09545,0.10599,0.14572,0.00818
14/02/2019,0.08945,0.10345,0.13781,0.00727
15/02/2019,0.08099,0.09172,0.1329,0.0089
16/02/2019,0.06799,0.07081,0.11417,0.00818
17/02/2019,0.0799,0.07554,0.10536,0.00609
18/02/2019,0.08854,0.11799,0.1549,0.00809
19/02/2019,0.08827,0.09872,0.14472,0.0089
20/02/2019,0.0819,0.10017,0.14135,0.00854
21/02/2019,0.07645,0.0889,0.14699,0.01145
22/02/2019,0.07354,0.09545,0.14126,0.00954
23/02/2019,0.06572,0.07499,0.11045,0.0119
24/02/2019,0.06763,0.0719,0.09899,0.00718
25/02/2019,0.08463,0.11099,0.15899,0.01045
26/02/2019,0.07945,0.09899,0.14626,0.01018
27/02/2019,0.08308,0.09554,0.14054,0.01145
28/02/2019,0.07681,0.08145,0.12572,0.01199
01/03/2019,0.07317,0.07763,0.10472,0.00772
02/03/2019,0.06354,0.07599,0.11436,0.00981
03/03/2019,0.07108,0.07208,0.10363,0.00636
04/03/2019,0.09217,0.10063,0.14617,0.00963
05/03/2019,0.0829,0.08799,0.15508,0.00863
06/03/2019,0.07827,0.08617,0.14372,0.01127
07/03/2019,0.07254,0.08708,0.13708,0.00909
08/03/2019,0.07154,0.08972,0.13408,0.0079
09/03/2019,0.08254,0.07781,0.1219,0.00718
10/03/2019,3.33989,0.08545,0.12208,0.00627
11/03/2019,15.72071,0.15381,0.16272,0.00836
12/03/2019,0.12508,0.13963,0.15381,0.01227
13/03/2019,0.24781,0.13963,0.15563,0.00936
14/03/2019,0.10226,0.15599,0.15081,0.0079
15/03/2019,0.09517,0.18435,0.14254,0.00599
16/03/2019,0.08545,0.14835,0.12372,0.00654
17/03/2019,0.1099,0.17226,0.12654,0.00663
18/03/2019,0.14063,0.33508,0.17535,0.00718
19/03/2019,0.12954,0.31199,0.17635,0.01054
20/03/2019,0.12008,0.32071,0.16908,0.00999
21/03/2019,0.12163,0.33244,0.17081,0.00981
22/03/2019,0.12881,0.32499,0.1659,0.00809
23/03/2019,0.11308,0.2649,0.14035,0.00754
24/03/2019,0.12308,0.25099,0.14163,0.00499
25/03/2019,0.16881,0.50562,0.20963,0.00863
26/03/2019,0.1459,0.44298,0.19299,0.0079
27/03/2019,0.14399,0.52352,0.19899,0.0069
28/03/2019,0.13226,0.46144,0.20435,0.00918
29/03/2019,0.13154,0.43171,0.19599,0.00945
30/03/2019,0.12717,0.34526,0.16926,0.00881
31/03/2019,0.13245,0.33235,0.15826,0.00881
01/04/2019,0.16544,0.58534,0.23662,0.00799
02/04/2019,0.15754,0.55125,0.2179,0.00972
03/04/2019,0.1449,0.51043,0.20517,0.01081
04/04/2019,0.1429,0.50734,0.20408,0.01081
05/04/2019,0.13699,0.4508,0.19263,0.00781
06/04/2019,0.11345,0.39235,0.16426,0.00672
07/04/2019,0.1469,0.39244,0.16172,0.00781
08/04/2019,0.19844,0.73997,0.24553,0.0099
09/04/2019,0.18154,0.67507,0.23162,0.01018
10/04/2019,0.15481,0.61307,0.2219,0.00799
11/04/2019,0.14935,0.57652,0.20872,0.00799
12/04/2019,0.12572,0.57725,0.19235,0.00772
13/04/2019,0.11008,0.42889,0.16863,0.00718
14/04/2019,0.12726,0.40998,0.16326,0.00563
15/04/2019,0.16499,0.76015,0.24753,0.00854
16/04/2019,0.14808,0.66861,0.21872,0.00963
17/04/2019,0.14099,0.6227,0.20326,0.00954
18/04/2019,0.13445,0.57489,0.21853,0.01009
19/04/2019,0.12608,0.50934,0.20672,0.00863
20/04/2019,0.10008,0.36698,0.16581,0.00854
21/04/2019,0.16654,0.36571,0.15145,0.00872
22/04/2019,0.14408,0.62507,0.22181,0.01254
23/04/2019,0.12499,0.50671,0.21226,0.01072
24/04/2019,0.10854,0.39826,0.2009,0.00781
25/04/2019,0.10554,0.35189,0.19744,0.00963
26/04/2019,0.10881,0.29199,0.18681,0.00854
27/04/2019,0.08299,0.20299,0.15199,0.00499
28/04/2019,0.1049,0.35826,0.15263,0.00409
29/04/2019,0.17254,0.63498,0.22344,0.00918
30/04/2019,0.15035,0.48689,0.20626,0.00763
01/05/2019,0.13845,0.26735,0.17554,0.00627
02/05/2019,0.14808,0.30826,0.20753,0.00663
03/05/2019,0.13435,0.24981,0.18417,0.00718
04/05/2019,0.09872,0.19817,0.15326,0.00436
05/05/2019,0.11163,0.1569,0.13181,0.00436
06/05/2019,0.13454,0.18317,0.18699,0.00672
07/05/2019,0.18181,0.25026,0.24662,0.00736
08/05/2019,0.16899,0.20899,0.24017,0.00899
09/05/2019,0.14835,0.17526,0.22472,0.00727
10/05/2019,0.13899,0.1599,0.20599,0.00827
11/05/2019,0.13599,0.11572,0.16863,0.0069
12/05/2019,0.13935,0.12145,0.15481,0.00636
13/05/2019,0.16899,0.18126,0.23744,0.00836
14/05/2019,0.1499,0.15744,0.22444,0.0089
15/05/2019,0.15317,0.1409,0.21744,0.00581
16/05/2019,0.14508,0.13117,0.21744,0.00563
17/05/2019,0.12535,0.11636,0.20817,0.00599
18/05/2019,0.11508,0.08108,0.1589,0.00554
19/05/2019,0.12281,0.08108,0.14908,0.00781
20/05/2019,0.15063,0.11517,0.23008,0.00918
21/05/2019,0.13472,0.10545,0.20535,0.01163
22/05/2019,0.14217,0.10172,0.20835,0.0099
23/05/2019,0.14081,0.0979,0.2019,0.00599
24/05/2019,0.12872,0.08217,0.18926,0.0089
25/05/2019,0.10663,0.06499,0.15099,0.00718
26/05/2019,0.14445,0.06899,0.14426,0.00836
27/05/2019,0.15644,0.09799,0.22108,0.00954
28/05/2019,0.13817,0.08617,0.21581,0.01054
29/05/2019,0.14554,0.08072,0.2059,0.00827
30/05/2019,0.14254,0.07436,0.18808,0.00936
31/05/2019,0.14281,0.06354,0.1849,0.0079
01/06/2019,0.13117,0.04718,0.14081,0.00699
02/06/2019,0.12363,0.05808,0.14526,0.0059
03/06/2019,0.14672,0.08117,0.22044,0.00999
04/06/2019,0.14635,0.06872,0.19044,0.00909
05/06/2019,0.13554,0.06072,0.18054,0.00918
06/06/2019,0.1199,0.04781,0.14499,0.00581
07/06/2019,0.13254,0.04699,0.18363,0.00654
08/06/2019,0.12599,0.04408,0.1419,0.00709
09/06/2019,0.13372,0.04954,0.1379,0.00581
10/06/2019,0.14526,0.06627,0.18472,0.00736
11/06/2019,0.13245,0.06163,0.1819,0.01263
12/06/2019,0.13172,0.09708,0.17581,0.01063
13/06/2019,0.1189,0.06008,0.16544,0.01072
14/06/2019,0.11272,0.05381,0.15708,0.00881
15/06/2019,0.09499,0.03481,0.12326,0.01354
16/06/2019,0.10536,0.04172,0.10699,0.0059
17/06/2019,0.13435,0.06108,0.16844,0.00981
18/06/2019,0.11345,0.0459,0.16954,0.00663
19/06/2019,0.08708,0.05327,0.16654,0.00809
20/06/2019,0.07817,0.04627,0.15208,0.00818
21/06/2019,0.07654,0.04345,0.14781,0.00645
22/06/2019,0.06018,0.0299,0.11217,0.00518
23/06/2019,0.07108,0.03799,0.1079,0.00463
24/06/2019,0.08727,0.05163,0.16054,0.00681
25/06/2019,0.07099,0.04081,0.15863,0.0059
26/06/2019,0.07545,0.04108,0.15017,0.00645
27/06/2019,0.07117,0.03563,0.1459,0.00427
28/06/2019,0.05927,0.03372,0.13572,0.00454
29/06/2019,0.05563,0.02836,0.10826,0.00418
30/06/2019,0.05627,0.03227,0.09863,0.00272
01/07/2019,0.06981,0.04363,0.15817,0.00572
02/07/2019,0.06681,0.03854,0.15526,0.00563
03/07/2019,0.06936,0.03699,0.14181,0.00663
04/07/2019,0.06908,0.03536,0.13317,0.00872
05/07/2019,0.06545,0.02872,0.12963,0.00481
06/07/2019,0.05236,0.02545,0.10708,0.00281
07/07/2019,0.05908,0.03054,0.09517,0.00481
08/07/2019,0.08681,0.04336,0.15172,0.00754
09/07/2019,0.07963,0.04018,0.13735,0.00527
10/07/2019,0.08427,0.03772,0.13126,0.00581
11/07/2019,0.08345,0.03918,0.13963,0.00654
12/07/2019,0.07936,0.03545,0.13181,0.00609
13/07/2019,0.06254,0.02518,0.09726,0.00472
14/07/2019,0.07081,0.0289,0.09636,0.0059
15/07/2019,0.09636,0.04818,0.1489,0.00672
16/07/2019,0.08881,0.03954,0.13854,0.0059
17/07/2019,0.08808,0.0369,0.13681,0.00509
18/07/2019,0.0779,0.03208,0.1289,0.00436
19/07/2019,0.07108,0.02527,0.11954,0.00572
20/07/2019,0.06299,0.02227,0.09426,0.00381
21/07/2019,0.05827,0.02227,0.08154,0.00354
22/07/2019,0.07372,0.03272,0.13254,0.00463
23/07/2019,0.06954,0.0289,0.12826,0.00609
24/07/2019,0.07045,0.02627,0.12845,0.0049
25/07/2019,0.06972,0.02554,0.12036,0.00436
26/07/2019,0.06254,0.02745,0.11099,0.00381
27/07/2019,0.07581,0.01963,0.09163,0.00281
28/07/2019,0.6327,0.02354,0.07899,0.00236
29/07/2019,0.07654,0.0329,0.13272,0.00445
30/07/2019,0.05927,0.02845,0.12481,0.00409
31/07/2019,0.06436,0.02563,0.11526,0.00299
01/08/2019,0.06317,0.0269,0.11108,0.00354
02/08/2019,0.07008,0.02309,0.10726,0.00299
03/08/2019,0.06536,0.01672,0.08881,0.00363
04/08/2019,0.07908,0.0199,0.08808,0.00327
05/08/2019,0.0979,0.02699,0.13072,0.0039
06/08/2019,2.31129,0.02527,0.12654,0.00381
07/08/2019,0.09181,0.02872,0.12917,0.00572
08/08/2019,0.07981,0.02672,0.12345,0.00536
09/08/2019,0.08254,0.02699,0.11845,0.00627
10/08/2019,0.0829,0.02118,0.09617,0.00445
11/08/2019,0.07608,0.02063,0.0859,0.0039
12/08/2019,0.08154,0.03227,0.14535,0.0039
13/08/2019,0.08427,0.0309,0.14408,0.00581
14/08/2019,0.0839,0.03099,0.12672,0.00627
15/08/2019,0.07545,0.0219,0.09972,0.00363
16/08/2019,0.08663,0.02518,0.13326,0.00399
17/08/2019,0.07017,0.0219,0.10636,0.00309
18/08/2019,0.07272,0.02445,0.0939,0.0039
19/08/2019,0.08317,0.03608,0.15744,0.0059
20/08/2019,0.08345,0.0379,0.19881,0.00827
21/08/2019,0.0839,0.03218,0.14535,0.00727
22/08/2019,0.08172,0.03736,0.13708,0.01299
23/08/2019,0.07463,0.03072,0.13872,0.00809
24/08/2019,0.07145,0.02381,0.10972,0.00427
25/08/2019,0.07499,0.03181,0.11199,0.00672
26/08/2019,0.09245,0.04499,0.17144,0.00699
27/08/2019,0.09563,0.04545,0.15554,0.00745
28/08/2019,0.1009,0.04745,0.14635,0.00781
29/08/2019,0.09472,0.04463,0.14963,0.00599
30/08/2019,0.08581,0.04408,0.14426,0.00663
31/08/2019,0.08817,0.0339,0.13235,0.00618
01/09/2019,0.09017,0.03945,0.11526,0.00445
02/09/2019,0.10417,0.06327,0.17772,0.00736
03/09/2019,0.22562,0.05827,0.15944,0.00754
04/09/2019,0.10981,0.05636,0.1529,0.00618
05/09/2019,0.10472,0.05845,0.16317,0.00727
06/09/2019,0.09526,0.05318,0.15145,0.00618
07/09/2019,0.10299,0.0409,0.12417,0.00409
08/09/2019,0.09445,0.04936,0.11536,0.00627
09/09/2019,0.12099,0.08017,0.19244,0.00572
10/09/2019,0.10799,0.06817,0.17472,0.00536
11/09/2019,0.10445,0.06299,0.16508,0.00599
12/09/2019,0.10354,0.04363,0.11708,0.00545
13/09/2019,0.10545,0.04236,0.10745,0.00345
14/09/2019,0.11036,0.05918,0.12317,0.0039
15/09/2019,0.12317,0.07072,0.13945,0.00481
16/09/2019,0.13772,0.13363,0.22672,0.00681
17/09/2019,0.15172,0.16099,0.20626,0.01045
18/09/2019,0.15517,0.14572,0.19344,0.01172
19/09/2019,0.1649,0.14017,0.21326,0.00854
20/09/2019,0.15726,0.13517,0.18372,0.0059
21/09/2019,0.1219,0.10426,0.14263,0.00563
22/09/2019,0.12508,0.10245,0.13526,0.00627
23/09/2019,0.14699,0.17644,0.21772,0.00672
24/09/2019,0.13326,0.16608,0.21362,0.00818
25/09/2019,0.12863,0.16217,0.20108,0.0099
26/09/2019,0.13145,0.16235,0.21035,0.00863
27/09/2019,0.12108,0.14763,0.19617,0.0089
28/09/2019,0.10181,0.11699,0.15163,0.00536
29/09/2019,0.10099,0.10617,0.14781,0.00336
30/09/2019,0.13417,0.18244,0.26099,0.00881
01/10/2019,0.12426,0.16117,0.21653,0.0079
02/10/2019,0.11317,0.15063,0.19981,0.00518
03/10/2019,0.09726,0.09608,0.15608,0.00581
04/10/2019,0.10445,0.15217,0.2099,0.00581
05/10/2019,0.10236,0.1139,0.16644,0.00472
06/10/2019,0.11654,0.11545,0.14363,0.00472
07/10/2019,0.1459,0.20172,0.2419,0.00627
08/10/2019,0.15045,0.20535,0.20508,0.00645
09/10/2019,0.13317,0.15026,0.15744,0.00499
10/10/2019,0.16426,0.23262,0.22153,0.00645
11/10/2019,0.14445,0.1969,0.21326,0.00772
12/10/2019,0.1109,0.14654,0.16999,0.00509
13/10/2019,0.11945,0.13899,0.15563,0.00427
14/10/2019,0.86642,0.27326,0.2639,0.00581
15/10/2019,0.15335,0.30517,0.23653,0.00645
16/10/2019,0.15481,0.2719,0.24862,0.00799
17/10/2019,0.14681,0.26126,0.24644,0.00927
18/10/2019,0.13017,0.24262,0.24262,0.00836
19/10/2019,0.10972,0.19617,0.2039,0.00536
20/10/2019,0.11563,0.18717,0.18072,0.00527
21/10/2019,0.15399,0.3198,0.2948,0.00881
22/10/2019,0.14399,0.28835,0.28171,0.00972
23/10/2019,0.1299,0.29208,0.28253,0.0099
24/10/2019,0.14272,0.25444,0.2709,0.00963
25/10/2019,0.12563,0.27335,0.24253,0.00781
26/10/2019,0.12863,0.22426,0.19472,0.00836
27/10/2019,0.12472,0.19935,0.16463,0.00699
28/10/2019,0.17572,0.35717,0.28371,0.00863
29/10/2019,0.15881,0.31171,0.25808,0.00936
30/10/2019,0.15335,0.26871,0.25517,0.00954
31/10/2019,0.13681,0.25826,0.25799,0.01054
01/11/2019,0.12054,0.24426,0.24899,0.00772
02/11/2019,0.10226,0.19917,0.2019,0.00872
03/11/2019,0.11099,0.18735,0.1869,0.0059
04/11/2019,0.14917,0.27926,0.31999,0.00754
05/11/2019,0.15617,0.2709,0.30717,0.01272
06/11/2019,0.15526,0.27171,0.33371,0.01009
07/11/2019,0.13481,0.25917,0.3088,0.00999
08/11/2019,0.19344,0.23544,0.29199,0.01036
09/11/2019,0.13154,0.18999,0.22035,0.00809
10/11/2019,0.12954,0.17554,0.20708,0.00809
11/11/2019,0.16117,0.30589,0.37498,0.00936
12/11/2019,0.14672,0.25153,0.35698,0.01081
13/11/2019,0.19344,0.25871,0.51298,0.01163
14/11/2019,0.15254,0.22972,0.4088,0.01227
15/11/2019,0.15035,0.48907,0.30417,0.01236
16/11/2019,0.11236,0.27635,0.22272,0.0079
17/11/2019,0.13408,0.23681,0.23117,0.00799
18/11/2019,0.17617,0.40271,0.34935,0.01136
19/11/2019,0.17899,0.32744,0.31271,0.01309
20/11/2019,0.15117,0.28371,0.29626,0.01345
21/11/2019,0.16344,0.2779,0.31189,0.01345
22/11/2019,0.16254,0.25662,0.29326,0.02309
23/11/2019,0.11645,0.19244,0.23762,0.01099
24/11/2019,0.12363,0.18444,0.22062,0.01118
25/11/2019,0.14981,0.32835,0.34908,0.01209
26/11/2019,0.15481,0.2909,0.31917,0.01481
27/11/2019,0.15863,0.28344,0.32226,0.0139
28/11/2019,0.14263,0.28017,0.29444,0.01736
29/11/2019,0.14863,0.25008,0.28026,0.01518
30/11/2019,0.15426,0.21144,0.23217,0.00927
01/12/2019,0.12008,0.21981,0.21908,0.00836
02/12/2019,0.16108,0.34789,0.33426,0.01372
03/12/2019,0.14426,0.32126,0.30444,0.0139
04/12/2019,0.14845,0.29317,0.32217,0.01518
05/12/2019,0.16181,0.3108,0.31662,0.01672
06/12/2019,0.13772,0.28944,0.28853,0.01336
07/12/2019,0.12408,0.24699,0.22144,0.01309
08/12/2019,0.11863,0.2539,0.19617,0.00836
09/12/2019,0.16308,0.4788,0.3318,0.01272
10/12/2019,0.13981,0.40789,0.30671,0.01881
11/12/2019,0.13972,0.39007,0.30299,0.01854
12/12/2019,0.13954,0.38226,0.30526,0.0199
13/12/2019,0.14217,0.44098,0.28344,0.01881
14/12/2019,0.11363,0.35898,0.21672,0.01499
15/12/2019,0.12445,0.35189,0.20381,0.01163
16/12/2019,0.16417,0.66434,0.33217,0.01536
17/12/2019,0.16172,0.59634,0.30362,0.02245
18/12/2019,0.15063,0.56607,0.2918,0.01999
19/12/2019,0.16935,0.56161,0.28608,0.0189
20/12/2019,0.15226,0.50853,0.26899,0.01854
21/12/2019,0.12899,0.43062,0.2249,0.01599
22/12/2019,0.1409,0.44362,0.1919,0.01427
23/12/2019,0.19126,0.75988,0.3008,0.01772
24/12/2019,0.15881,0.60034,0.26544,0.02418
25/12/2019,0.15608,0.41498,0.19963,0.01163
26/12/2019,0.18417,0.83261,0.29299,0.01518
27/12/2019,0.18044,0.77006,0.26662,0.02363
28/12/2019,0.16663,0.62289,0.22535,0.01609
29/12/2019,0.15826,0.57089,0.21626,0.01181
30/12/2019,0.18126,0.8857,0.31562,0.02054
31/12/2019,0.16581,0.64488,0.31153,0.02236
01/01/2020,0.14454,0.48434,0.4488,0.01699
02/01/2020,0.19508,0.85751,0.36471,0.01827
03/01/2020,0.19581,0.80443,0.46598,0.02845
04/01/2020,0.60343,0.86961,0.49571,0.02136
05/01/2020,0.20081,0.84152,0.41644,0.01927
06/01/2020,0.23081,1.1816,0.66088,0.03154
07/01/2020,0.20853,0.96233,0.5777,0.03927
08/01/2020,0.1949,0.81824,11.3932,0.02636
09/01/2020,0.1979,0.77115,8.93,39.62181
10/01/2020,0.17854,0.72197,0.62352,11.13921
11/01/2020,0.15872,0.5578,0.66398,0.50434
12/01/2020,0.16199,0.50962,0.42062,0.21144
13/01/2020,0.17744,0.83315,0.56871,0.19244
14/01/2020,0.16708,0.7147,0.49453,0.25108
15/01/2020,0.15999,0.5947,0.48116,0.15535
16/01/2020,0.16754,0.5917,0.79143,0.38498
17/01/2020,0.1659,0.56916,0.79361,0.55043
18/01/2020,0.14345,0.42089,0.55216,0.26262
19/01/2020,0.15217,0.39953,0.61598,0.32662
20/01/2020,0.19217,0.70343,3.63716,20.6961
21/01/2020,0.22462,0.59789,4.31987,35.33284
22/01/2020,0.23808,0.56661,3.66416,29.74474
23/01/2020,0.30308,0.55625,3.18035,100
24/01/2020,0.34689,0.40226,2.48156,86.11541
25/01/2020,0.70888,0.39744,3.40926,62.84847
26/01/2020,0.96569,0.40126,3.43989,39.62772
27/01/2020,1.39513,0.50253,4.38777,57.07446
28/01/2020,1.56922,0.64298,4.5434,72.63073
29/01/2020,1.19978,0.49207,2.73,52.06261
30/01/2020,0.98978,0.44953,2.17811,45.93889
31/01/2020,1.35841,0.84061,2.1802,58.4187
01/02/2020,1.29296,0.79288,1.44032,41.5073
02/02/2020,1.4925,0.45298,1.37923,41.73647
03/02/2020,1.20932,0.49516,1.33886,50.1994
04/02/2020,1.06169,0.37907,0.99397,37.28806
05/02/2020,1.09323,0.34444,0.85588,35.23094
06/02/2020,1.03724,0.31644,0.79524,39.3959
07/02/2020,0.91715,0.25808,0.80733,31.71404
08/02/2020,0.89597,0.18081,0.53789,40.46614
09/02/2020,0.77052,0.17208,0.46189,36.07691
10/02/2020,0.63816,0.21499,0.50871,52.11234
11/02/2020,0.5338,0.17072,0.40544,18.13918
12/02/2020,0.47862,0.15281,0.37889,15.90997
13/02/2020,0.38444,0.13999,0.37753,15.08472
14/02/2020,0.32153,0.11808,0.2769,16.94803
15/02/2020,0.35944,0.10026,0.25471,10.34468
16/02/2020,0.35171,0.0899,0.35953,9.79906
17/02/2020,0.32426,0.12045,0.45144,10.98521
18/02/2020,0.32108,0.11963,1.00833,14.97945
19/02/2020,0.59207,0.13172,0.96769,40.75986
20/02/2020,0.98306,0.17026,1.15151,59.21885
21/02/2020,1.42804,0.17808,1.17051,72.15665
22/02/2020,1.91594,0.19472,1.27032,85.23907
23/02/2020,1.94203,0.19326,1.15841,82.90014
24/02/2020,1.78603,0.22708,1.17887,79.89478
25/02/2020,1.67058,0.20181,1.02206,79.95441
26/02/2020,1.42177,0.19281,0.87142,71.26268
27/02/2020,1.2255,0.18535,0.75252,71.07204
28/02/2020,1.24941,0.16544,0.6417,66.20619
29/02/2020,1.3085,0.16108,0.52989,61.04053
01/03/2020,1.23605,0.13754,0.44589,56.20422
02/03/2020,0.8816,0.13345,0.4408,60.86853
03/03/2020,0.67934,0.11917,0.39853,47.17367
04/03/2020,0.82579,0.1079,0.35671,39.84053
05/03/2020,0.64916,0.09745,0.31726,33.24218
06/03/2020,0.58625,0.09163,0.28071,29.61647
07/03/2020,0.71743,0.0769,0.22762,26.90492
08/03/2020,0.58752,0.06717,0.20553,26.4902
09/03/2020,0.45435,0.09263,0.23962,29.79228
10/03/2020,0.46934,0.09108,0.28635,28.49514
11/03/2020,0.70143,0.08945,0.30208,24.02346
12/03/2020,0.55771,0.10008,0.26335,20.56511
13/03/2020,0.40744,0.07808,0.22799,19.29851
14/03/2020,0.50816,0.0689,0.19108,16.62577
15/03/2020,5.0273,0.06754,0.16644,14.92164
16/03/2020,0.52925,0.12036,0.20826,16.8914
17/03/2020,0.49134,0.2749,0.24172,14.70828
18/03/2020,0.44625,0.15999,0.56771,13.9044
19/03/2020,0.47171,0.10754,1.10896,18.50553
20/03/2020,0.44453,0.14426,0.88197,13.56359
21/03/2020,0.4738,0.09381,0.28426,11.28111
22/03/2020,0.94142,0.07108,0.20372,11.1433
23/03/2020,0.36689,0.09354,0.24172,11.56656
24/03/2020,0.29562,0.0739,0.19799,10.87394
25/03/2020,0.29508,0.06099,0.18535,10.51795
26/03/2020,0.27471,0.06699,0.16899,10.38105
27/03/2020,0.28517,0.07836,0.17272,10.15869
28/03/2020,0.32717,0.06272,0.1399,10.25105
29/03/2020,0.32462,0.06754,0.12863,8.86464
30/03/2020,0.31962,0.06354,0.1789,8.6911
31/03/2020,0.30762,0.05954,0.18817,8.30075
01/04/2020,0.2289,0.06018,0.1709,7.70922
02/04/2020,0.22862,0.05527,0.16108,7.50622
03/04/2020,0.22453,0.05118,0.15517,7.44741
04/04/2020,0.26708,0.0549,0.1209,6.04172
05/04/2020,0.26281,0.04918,0.11436,5.55301
06/04/2020,0.20717,0.05763,0.14026,10.90885
07/04/2020,0.24626,0.07227,0.15017,6.23063
08/04/2020,0.20463,0.04999,0.13172,5.6701
09/04/2020,0.1729,0.04672,0.13463,5.61237
10/04/2020,0.18881,0.04263,0.11526,6.2549
11/04/2020,0.20763,0.07472,0.09336,5.82991
12/04/2020,0.19608,0.03545,0.10054,5.00848
13/04/2020,0.17454,0.05072,0.12526,5.32111
14/04/2020,0.22717,0.04308,0.12126,5.00666
15/04/2020,0.21744,0.03918,0.09008,4.97503
16/04/2020,0.15463,0.04427,0.1119,5.45701
17/04/2020,0.16563,0.04608,0.11026,4.7484
18/04/2020,0.17654,0.02872,0.07627,4.22987
19/04/2020,0.17354,0.03299,0.0889,4.90394
20/04/2020,0.1319,0.04145,0.12126,5.54437
21/04/2020,0.13135,0.04099,0.10872,4.68531
22/04/2020,0.14308,0.04836,0.11345,4.73403
23/04/2020,0.13854,0.06317,0.11972,4.52131
24/04/2020,0.12235,0.05308,0.1129,4.51768
25/04/2020,0.12781,0.02709,0.08672,4.13405
26/04/2020,0.13363,0.03263,0.08136,3.95342
27/04/2020,0.11226,0.04427,0.1039,4.11033
28/04/2020,0.11481,0.03981,0.10336,3.73088
29/04/2020,0.10781,0.04163,0.09136,3.78952
30/04/2020,0.11108,0.02972,0.08172,3.32444
01/05/2020,0.11199,0.03236,0.08799,3.54552
02/05/2020,0.10126,0.0259,0.07236,3.73843
03/05/2020,0.10317,0.02536,0.0729,3.33962
04/05/2020,0.10726,0.03336,0.10245,3.63143
05/05/2020,0.10926,0.02718,0.07617,2.92654
06/05/2020,0.10217,0.0339,0.10708,3.33689
07/05/2020,0.11336,0.03518,0.09926,3.50653
08/05/2020,0.11108,0.03345,0.09599,5.35438
09/05/2020,0.11726,0.03218,0.08481,6.63807
10/05/2020,0.11636,0.02827,0.08036,8.82791
11/05/2020,0.1199,0.04536,0.10745,10.40696
12/05/2020,0.11626,0.04063,0.10926,6.70252
13/05/2020,0.11472,0.04254,0.11281,6.00609
14/05/2020,0.11245,0.04372,0.11699,5.2862
15/05/2020,0.12972,0.04408,0.1139,4.38068
16/05/2020,0.11563,0.03145,0.08836,3.35817
17/05/2020,0.12272,0.03199,0.07136,3.16008
18/05/2020,0.11626,0.04354,0.11563,3.64707
19/05/2020,0.12581,0.04463,0.11981,3.29662
20/05/2020,0.11763,0.04481,0.10945,3.9526
21/05/2020,0.12654,0.13017,0.12126,3.6327
22/05/2020,0.1159,0.10336,0.11881,3.55516
23/05/2020,0.10626,0.04963,0.09063,2.91663
24/05/2020,0.12126,0.04454,0.08245,2.849
25/05/2020,0.12963,0.05581,0.12499,3.24426
26/05/2020,0.11699,0.05008,0.13372,3.21344
27/05/2020,0.11326,0.05254,0.13017,3.93397
28/05/2020,0.12081,0.04581,0.1389,5.55656
29/05/2020,0.16454,0.04599,0.11699,4.95803
30/05/2020,0.12208,0.03299,0.0909,3.41698
31/05/2020,0.1199,0.03499,0.08436,3.25944
01/06/2020,0.1179,0.05108,0.13299,3.48534
02/06/2020,0.1199,0.04499,0.12854,3.20117
03/06/2020,0.10917,0.0439,0.11999,3.11254
04/06/2020,0.09772,0.04118,0.11681,2.92891
05/06/2020,0.09854,0.03999,0.11663,2.82864
06/06/2020,0.09726,0.02499,0.07554,2.53792
07/06/2020,0.09663,0.03254,0.08417,2.59355
08/06/2020,0.1109,0.04099,0.12881,2.86927
09/06/2020,0.09472,0.03808,0.16299,2.92045
10/06/2020,0.1009,0.03463,0.13717,2.6541
11/06/2020,0.08536,0.03863,0.1309,2.5901
12/06/2020,0.09181,0.03045,0.11681,2.52701
13/06/2020,0.08745,0.0239,0.08127,2.21866
14/06/2020,0.09663,0.02281,0.07954,2.16084
15/06/2020,0.10654,0.03227,0.11936,2.48365
16/06/2020,0.09563,0.0359,0.12654,2.36192
17/06/2020,0.10254,0.03199,0.12017,8.08248
18/06/2020,0.10645,0.03354,0.12808,2.28038
19/06/2020,0.10036,0.02845,0.12381,2.29765
20/06/2020,0.11763,0.0259,0.09154,2.20002
21/06/2020,0.12463,0.02818,0.09154,2.21329
22/06/2020,0.11117,0.03699,0.12317,2.4661
23/06/2020,0.10154,0.03636,0.12099,2.50456
24/06/2020,0.12045,0.03381,0.12817,2.20747
25/06/2020,0.12072,0.0419,0.11936,2.16993
26/06/2020,0.11381,0.03027,0.11317,2.15139
27/06/2020,0.10554,0.02136,0.08354,1.96848
28/06/2020,0.12563,0.02872,0.08072,2.1972
29/06/2020,0.14263,0.04308,0.11254,2.41501
